,polarity,compound,category,precursorMz,collisionEnergy,productMz,expectedRt,formula,id,Query,Match,HMDB,PubChem,ChEBI,KEGG,METLIN,SMILES,Comment
0,+,Urea,Ureas,61.1,,44.2,5.2,C1H4N2O1,HMDB0000294,HMDB0000294,Urea,HMDB0000294,1176.0,16199.0,C00086,6.0,NC(N)=O,1
1,+,ethanolamine,Amines,62.1,,44.2,6.92,C2H7N1O1,HMDB0000149,HMDB0000149,Ethanolamine,HMDB0000149,700.0,16000.0,C00189,3207.0,NCCO,1
2,+,glycine,"Amino acids, peptides, and analogues",76.1,,30.5,6.36,C2H5N1O2,HMDB0000123,HMDB0000123,Glycine,HMDB0000123,750.0,15428.0,C00037,20.0,NCC(O)=O,1
3,+,alanine,"Amino acids, peptides, and analogues",90.1,,44.2,6.28,C3H7N1O2,HMDB0000161,HMDB0000161,L-Alanine,HMDB0000161,5950.0,16977.0,C00041,,C[C@H](N)C(O)=O,1
4,+,betaine aldehyde,Quaternary ammonium salts,102.0,,58,6.48,C5H11N1O1,HMDB0001252,HMDB0001252,Betaine aldehyde,HMDB0001252,249.0,15710.0,C00576,278.0,C[N+](C)(C)CC=O,1
5,+,choline,Quaternary ammonium salts,104.0,,60,6.43,C5H13N1O1,HMDB0000097,HMDB0000097,Choline,HMDB0000097,305.0,15354.0,C00114,56.0,C[N+](C)(C)CCO,1
6,+,4-aminobutyrate,"Amino acids, peptides, and analogues",104.0,,69,6.33,C4H9N1O2,HMDB0000112,HMDB0000112,gamma-Aminobutyric acid,HMDB0000112,119.0,16865.0,C00334,,NCCCC(O)=O,1
7,+,dimethylglycine,"Amino acids, peptides, and analogues",104.0,,58,6.42,C4H9N1O2,HMDB0000092,HMDB0000092,Dimethylglycine,HMDB0000092,673.0,17724.0,C01026,277.0,CN(C)CC(O)=O,1
8,+,serine,"Amino acids, peptides, and analogues",106.0,,60,6.42,C3H7N1O3,HMDB0062263,HMDB0062263,,,,,,,,0
9,+,cytosine,Pyrimidines and pyrimidine derivatives,112.1,,95,5.51,C4H5N3O1,HMDB0000630,HMDB0000630,Cytosine,HMDB0000630,597.0,16040.0,C00380,283.0,NC1=CC=NC(=O)N1,1
10,+,Creatinine,"Amino acids, peptides, and analogues",114.0,,44.2,6.28,C4H7N3O1,HMDB0000562,HMDB0000562,Creatinine,HMDB0000562,588.0,16737.0,C00791,8.0,CN1CC(=O)NC1=N,1
11,+,proline,"Amino acids, peptides, and analogues",116.1,,70.1,6.08,C5H9N1O2,HMDB0000162,HMDB0000162,Proline,HMDB0000162,145742.0,17203.0,C00148,29.0,OC(=O)[C@@H]1CCCN1,1
12,+,indole,Indoles,118.0,,91,5.59,C8H7N1,HMDB0000738,HMDB0000738,Indole,HMDB0000738,798.0,16881.0,C00463,286.0,N1C=CC2=C1C=CC=C2,1
13,+,betaine,"Amino acids, peptides, and analogues",118.0,,58,5.94,C5H11N1O2,HMDB0000043,HMDB0000043,Betaine,HMDB0000043,248.0,41139.0,C00719,287.0,C[N+](C)(C)CC(O)=O,1
14,+,valine,"Amino acids, peptides, and analogues",118.1,,55.2,5.97,C5H11N1O2,HMDB0000883,HMDB0000883,L-Valine,HMDB0000883,6287.0,16414.0,C00183,5842.0,CC(C)[C@H](N)C(O)=O,1
15,+,threonine,"Amino acids, peptides, and analogues",120.0,,74,6.29,C4H9N1O3,HMDB0000167,HMDB0000167,L-Threonine,HMDB0000167,6288.0,16857.0,C00188,32.0,C[C@@H](O)[C@H](N)C(O)=O,1
16,+,homoserine,"Amino acids, peptides, and analogues",120.2,,44.2,6.59,C4H9N1O3,HMDB0000719,HMDB0000719,L-Homoserine,HMDB0000719,12647.0,15699.0,C00263,5687.0,N[C@@H](CCO)C(O)=O,1
17,+,purine,Purines and purine derivatives,121.0,,94,5.63,C5H4N4,HMDB0001366,HMDB0001366,Purine,HMDB0001366,1044.0,17258.0,C15587,6193.0,N1C=NC2=C1C=NC=N2,1
18,+,cysteine,"Amino acids, peptides, and analogues",122.1,,59.1,6.32,C3H7N1O2S1,HMDB0000574,HMDB0000574,L-Cysteine,HMDB0000574,5862.0,17561.0,C00097,5556.0,N[C@@H](CS)C(O)=O,1
19,+,creatine,"Amino acids, peptides, and analogues",132.0,,90,6.28,C4H9N3O2,HMDB0000064,HMDB0000064,Creatine,HMDB0000064,586.0,16919.0,C00300,7.0,CN(CC(O)=O)C(N)=N,1
20,+,nicotinamide,Pyridinecarboxylic acids and derivatives,123.1,,80,4.51,C6H6N2O1,HMDB0001406,HMDB0001406,Niacinamide,HMDB0001406,936.0,17154.0,C00153,1497.0,NC(=O)C1=CC=CN=C1,1
21,+,Imidazoleacetic acid,Imidazoles,127.0,,81,6.12,C5H6N2O2,HMDB0002024,HMDB0002024,Imidazoleacetic acid,HMDB0002024,96215.0,16974.0,C02835,6445.0,OC(=O)CC1=CN=CN1,1
22,+,thymine,Pyrimidines and pyrimidine derivatives,127.1,,110,5.56,C5H6N2O2,HMDB0000262,HMDB0000262,Thymine,HMDB0000262,1135.0,17821.0,C00178,290.0,CC1=CNC(=O)NC1=O,1
23,+,DL-Pipecolic acid,"Amino acids, peptides, and analogues",130.0,,84,6.35,C6H11N1O2,HMDB0000070,HMDB0000070,Pipecolic acid,HMDB0000070,849.0,17964.0,C00408,50.0,OC(=O)C1CCCCN1,1
24,+,N-Acetylputrescine,Carboximidic acids,131.0,,114,5.85,C6H14N2O1,HMDB0002064,HMDB0002064,N-Acetylputrescine,HMDB0002064,122356.0,17768.0,C02714,3252.0,CC(=O)NCCCCN,1
25,+,hydroxyproline,"Amino acids, peptides, and analogues",132.0,,68.2,6.22,C5H9N1O3,HMDB0240251,HMDB0240251,cis-4-Hydroxyproline,HMDB0240251,440015.0,28397.0,C01015,,O[C@@H]1CN[C@@H](C1)C(O)=O,1
26,+,ornithine,"Amino acids, peptides, and analogues",133.0,,70,7.86,C5H12N2O2,HMDB0000214,HMDB0000214,Ornithine,HMDB0000214,6262.0,15729.0,C00077,27.0,NCCC[C@H](N)C(O)=O,1
27,+,asparagine,"Amino acids, peptides, and analogues",133.1,,74,6.41,C4H8N2O3,HMDB0000168,HMDB0000168,L-Asparagine,HMDB0000168,6267.0,17196.0,C00152,14.0,N[C@@H](CC(N)=O)C(O)=O,1
28,+,aspartate,"Amino acids, peptides, and analogues",134.0,,74,6.23,C4H7N1O4,HMDB0000191,HMDB0000191,L-Aspartic acid,HMDB0000191,5960.0,17053.0,C00049,5206.0,N[C@@H](CC(O)=O)C(O)=O,1
29,+,adenine,Purines and purine derivatives,136.0,,119,5.37,C5H5N5,HMDB0000034,HMDB0000034,Adenine,HMDB0000034,190.0,16708.0,C00147,85.0,NC1=C2NC=NC2=NC=N1,1
30,+,Methylcysteine,"Amino acids, peptides, and analogues",136.0,,119.0 (2),5.94,C4H9N1O2S1,HMDB0002108,HMDB0002108,Methylcysteine,HMDB0002108,24417.0,45658.0,C22040,6490.0,CSC[C@@H](N)C(O)=O,1
31,+,homocysteine,"Amino acids, peptides, and analogues",136.1,,90.1,6.54,C4H9N1O2S1,HMDB0000742,HMDB0000742,Homocysteine,HMDB0000742,91552.0,17588.0,C00155,3256.0,N[C@@H](CCS)C(O)=O,1
32,+,methylnicotinamide,Pyridinecarboxylic acids and derivatives,137.0,,94,6.88,C7H8N2O1,HMDB0000699,HMDB0000699,1-Methylnicotinamide,HMDB0000699,457.0,16797.0,C02918,5667.0,C[N+]1=CC=CC(=C1)C(N)=O,1
33,+,histidinol,Amines,142.1,,95,7.22,C6H11N3O1,HMDB0003431,HMDB0003431,L-Histidinol,HMDB0003431,165271.0,16255.0,C00860,3267.0,N[C@H](CO)CC1=CNC=N1,1
34,+,lysine,"Amino acids, peptides, and analogues",147.0,,67,7.88,C6H14N2O2,HMDB0000182,HMDB0000182,Lysine,HMDB0000182,5962.0,18019.0,C00047,5200.0,NCCCC[C@H](N)C(O)=O,1
35,+,glutamine,"Amino acids, peptides, and analogues",147.1,,84.1,6.36,C5H10N2O3,HMDB0000641,HMDB0000641,Glutamine,HMDB0000641,5961.0,18050.0,C00064,5614.0,N[C@@H](CCC(N)=O)C(O)=O,1
36,+,O-acetyl-L-serine,"Amino acids, peptides, and analogues",148.0,,106,5.01,C5H9N1O4,HMDB0003011,HMDB0003011,O-Acetylserine,HMDB0003011,99478.0,17981.0,C00979,3270.0,CC(=O)OC[C@H](N)C(O)=O,1
37,+,glutamate,"Amino acids, peptides, and analogues",148.1,,84.1,6.19,C5H9N1O4,HMDB0000148,HMDB0000148,Glutamic acid,HMDB0000148,33032.0,16015.0,C00025,5174.0,N[C@@H](CCC(O)=O)C(O)=O,1
38,+,methionine,"Amino acids, peptides, and analogues",150.1,,133,5.84,C5H11N1O2S1,HMDB0000696,HMDB0000696,Methionine,HMDB0000696,6137.0,16643.0,C00073,5664.0,CSCC[C@H](N)C(O)=O,1
39,+,guanine,Purines and purine derivatives,152.2,,110,5.82,C5H5N5O1,HMDB0000132,HMDB0000132,Guanine,HMDB0000132,764.0,16235.0,C00242,315.0,NC1=NC(=O)C2=C(N1)N=CN2,1
40,+,histidine,"Amino acids, peptides, and analogues",156.1,,110.1,6.55,C6H9N3O2,HMDB0000177,HMDB0000177,Histidine,HMDB0000177,6274.0,15971.0,C00135,21.0,N[C@@H](CC1=CN=CN1)C(O)=O,1
41,+,2-Aminooctanoic acid,"Amino acids, peptides, and analogues",160.0,,55.3,6.48,C8H17N1O2,HMDB0000991,HMDB0000991,DL-2-Aminooctanoic acid,HMDB0000991,69522.0,75145.0,,5923.0,CCCCCCC(N)C(O)=O,1
42,+,carnitine,Quaternary ammonium salts,162.1,,103,6.26,C7H15N1O3,HMDB0000062,HMDB0000062,L-Carnitine,HMDB0000062,10917.0,16347.0,C00318,52.0,C[N+](C)(C)C[C@H](O)CC(O)=O,1
43,+,Methionine sulfoxide,"Amino acids, peptides, and analogues",166.0,,74,6.29,C5H11N1O3S1,HMDB0002005,HMDB0002005,Methionine sulfoxide,HMDB0002005,158980.0,17016.0,C02989,6428.0,CS(=O)CC[C@H](N)C(O)=O,1
44,+,phenylalanine,"Amino acids, peptides, and analogues",166.1,,103,5.63,C9H11N1O2,HMDB0000159,HMDB0000159,Phenylalanine,HMDB0000159,6140.0,17295.0,C00079,28.0,N[C@@H](CC1=CC=CC=C1)C(O)=O,1
45,+,Pyridoxamine,Pyridoxamines,169.0,,134,6.87,C8H12N2O2,HMDB0001431,HMDB0001431,Pyridoxamine,HMDB0001431,1052.0,16410.0,C00534,238.0,CC1=C(O)C(CN)=C(CO)C=N1,1
46,+,pyridoxine,Pyridoxines,170.0,,134,5.04,C8H11N1O3,HMDB0000239,HMDB0000239,Pyridoxine,HMDB0000239,1054.0,16709.0,C00314,5245.0,CC1=C(O)C(CO)=C(CO)C=N1,1
47,+,1-Methyl-Histidine,"Amino acids, peptides, and analogues",170.1,,124,6.55,C7H11N3O2,HMDB0000001,HMDB0000001,1-Methylhistidine,HMDB0000001,92105.0,50599.0,C01152,3741.0,CN1C=NC(C[C@H](N)C(O)=O)=C1,1
48,+,arginine,"Amino acids, peptides, and analogues",175.0,,60,7.99,C6H14N4O2,HMDB0000517,HMDB0000517,L-Arginine,HMDB0000517,6322.0,16467.0,C00062,5502.0,N[C@@H](CCCNC(N)=N)C(O)=O,1
49,+,citrulline,"Amino acids, peptides, and analogues",176.0,,159,6.4,C6H13N3O3,HMDB0000904,HMDB0000904,Citrulline,HMDB0000904,9750.0,16349.0,C00327,16.0,N[C@@H](CCCNC(N)=O)C(O)=O,1
50,+,glucosamine,Carbohydrates and carbohydrate conjugates,180.0,,162,6.11,C6H13N1O5,HMDB0001514,HMDB0001514,Glucosamine,HMDB0001514,439213.0,47977.0,C00329,266.0,N[C@H]1C(O)O[C@H](CO)[C@@H](O)[C@@H]1O,1
51,+,tyrosine,"Amino acids, peptides, and analogues",182.1,,77,5.94,C9H11N1O3,HMDB0000158,HMDB0000158,L-Tyrosine,HMDB0000158,6057.0,17895.0,C00082,34.0,N[C@@H](CC1=CC=C(O)C=C1)C(O)=O,1
52,+,Phosphorylcholine,Quaternary ammonium salts,184.0,,125,6.65,C5H14N1O4P1,HMDB0001565,HMDB0001565,Phosphorylcholine,HMDB0001565,1014.0,18132.0,C00588,6326.0,C[N+](C)(C)CCOP(O)(O)=O,1
53,+,3-phospho-serine,"Amino acids, peptides, and analogues",186.0,,88,6.47,C3H8N1O6P1,HMDB0001721,HMDB0001721,DL-O-Phosphoserine,HMDB0001721,106.0,37712.0,C01005,6338.0,NC(COP(O)(O)=O)C(O)=O,1
54,+,N6-Acetyl-L-lysine,"Amino acids, peptides, and analogues",189.0,,84.2,8.11,C8H16N2O3,HMDB0000206,HMDB0000206,N6-Acetyl-L-lysine,HMDB0000206,92832.0,17752.0,C02727,5216.0,CC(=O)NCCCC[C@H](N)C(O)=O,1
55,+,Acetyllysine,"Amino acids, peptides, and analogues",189.0,,84,8.13,C8H16N2O3,HMDB0000446,HMDB0000446,N-alpha-Acetyl-L-lysine,HMDB0000446,92907.0,35704.0,C12989,5435.0,CC(=O)N[C@@H](CCCCN)C(O)=O,1
56,+,N-acetyl-glutamine,"Amino acids, peptides, and analogues",189.1,,130,8.1,C7H12N2O4,HMDB0006029,HMDB0006029,N-Acetylglutamine,HMDB0006029,182230.0,21553.0,,,CC(=O)N[C@@H](CCC(N)=O)C(O)=O,1
57,+,N-acetyl-glutamate,"Amino acids, peptides, and analogues",190.1,,84.1,6.35,C7H11N1O5,HMDB0001138,HMDB0001138,N-Acetyl-L-glutamic acid,HMDB0001138,70914.0,17533.0,C00624,6031.0,CC(=O)N[C@@H](CCC(O)=O)C(O)=O,1
58,+,"Ng,NG-dimethyl-L-arginine","Amino acids, peptides, and analogues",203.0,,70,7.78,C8H18N4O2,HMDB0001539,HMDB0001539,Asymmetric dimethylarginine,HMDB0001539,123831.0,17929.0,C03626,6309.0,N[C@@H](CCC\N=C(/N)N(C)C)C(O)=O,1
59,+,Acetylcarnitine DL,Fatty acid esters,204.0,,85,5.97,C9H17N1O4,HMDB0000201,HMDB0000201,L-Acetylcarnitine,HMDB0000201,7045767.0,57589.0,C02571,5213.0,CC(=O)O[C@H](CC(O)=O)C[N+](C)(C)C,1
60,+,tryptophan,Indolyl carboxylic acids and derivatives,205.0,,146,5.6,C11H12N2O2,HMDB0000929,HMDB0000929,L-Tryptophan,HMDB0000929,6305.0,16828.0,C00078,5879.0,N[C@@H](CC1=CNC2=C1C=CC=C2)C(O)=O,1
61,+,Kynurenine,Carbonyl compounds,209.0,,146,5.53,C10H12N2O3,HMDB0000684,HMDB0000684,Kynurenine,HMDB0000684,161166.0,16946.0,C00328,72.0,N[C@@H](CC(=O)C1=CC=CC=C1N)C(O)=O,1
62,+,N-acetyl-glucosamine,Carbohydrates and carbohydrate conjugates,222.0,,138,5.8,C8H15N1O6,HMDB0000803,HMDB0000803,beta-N-Acetylglucosamine,HMDB0000803,24139.0,28009.0,C03878,5767.0,CC(=O)N[C@H]1[C@H](O)O[C@H](CO)[C@@H](O)[C@@H]1O,1
63,+,Flavone,Flavones,223.0,,121,5.47,C15H10O2,HMDB0003075,HMDB0003075,Flavone,HMDB0003075,10680.0,42491.0,C15608,3359.0,O=C1C=C(OC2=CC=CC=C12)C1=CC=CC=C1,1
64,+,cystathionine,"Amino acids, peptides, and analogues",223.0,,134,7.24,C7H14N2O4S1,HMDB0000099,HMDB0000099,L-Cystathionine,HMDB0000099,439258.0,17482.0,C02291,39.0,N[C@@H](CCSC[C@H](N)C(O)=O)C(O)=O,1
65,+,5-methoxytryptophan,Tryptamines and derivatives,235.0,,176,5.42,C12H14N2O3,HMDB0002339,HMDB0002339,5-Methoxytryptophan,HMDB0002339,151018.0,74049.0,,6631.0,COC1=CC2=C(NC=C2C[C@H](N)C(O)=O)C=C1,1
66,+,Cystine,"Amino acids, peptides, and analogues",241.0,,74,6.57,C6H12N2O4S2,HMDB0000192,HMDB0000192,L-Cystine,HMDB0000192,67678.0,16283.0,C00491,5207.0,N[C@@H](CSSC[C@H](N)C(O)=O)C(O)=O,1
67,+,cytidine,"Nucleosides, nucleotides, and analogues",244.1,,112,5.75,C9H13N3O5,HMDB0000089,HMDB0000089,Cytidine,HMDB0000089,6175.0,17562.0,C00475,3376.0,NC1=NC(=O)N(C=C1)[C@@H]1O[C@H](CO)[C@@H](O)[C@H]1O,1
68,+,biotin,Organoheterocyclic compounds,245.1,,227,5.48,C10H16N2O3S1,HMDB0000030,HMDB0000030,Biotin,HMDB0000030,171548.0,15956.0,C00120,243.0,[H][C@]12CS[C@@H](CCCCC(O)=O)[C@@]1([H])NC(=O)N2,1
69,+,deoxyadenosine,Purine 2'-deoxyribonucleosides,252.0,,136,5.18,C10H13N5O3,HMDB0000101,HMDB0000101,Deoxyadenosine,HMDB0000101,13730.0,17256.0,C00559,3382.0,NC1=C2N=CN([C@H]3C[C@H](O)[C@@H](CO)O3)C2=NC=N1,1
70,+,Glycerophosphocholine,Glycerophosphocholines,258.1,,104,6.29,C8H20N1O6P1,HMDB0000086,HMDB0000086,Glycerophosphocholine,HMDB0000086,657272.0,16870.0,C00670,370.0,C[N+](C)(C)CCOP([O-])(=O)OC[C@H](O)CO,1
71,+,acadesine,"Nucleosides, nucleotides, and analogues",259.0,,110,5.48,C9H14N4O5,HMDB0062179,HMDB0062179,AICA-riboside,HMDB0062179,17513.0,28498.0,,,NC(=O)C1=C(N)N(C=N1)[C@@H]1O[C@H](CO)[C@@H](O)[C@H]1O,1
72,+,D-glucosamine-6-phosphate,Carbohydrates and carbohydrate conjugates,260.0,,126,5.78,C6H14N1O8P1,HMDB0001254,HMDB0001254,Glucosamine 6-phosphate,HMDB0001254,439217.0,15873.0,C00352,6111.0,N[C@H]1[C@@H](O)O[C@H](COP(O)(O)=O)[C@@H](O)[C@@H]1O,1
73,+,D-glucosamine-1-phosphate,Carbohydrates and carbohydrate conjugates,260.1,,162.1,6.42,C6H14N1O8P1,HMDB0001109,HMDB0001109,Glucosamine-1P,HMDB0001109,9965052.0,174383.0,C06156,6009.0,N[C@@H]1[C@@H](O)[C@H](O)[C@@H](CO)O[C@H]1OP(O)(O)=O,1
74,+,thiamine,Pyrimidines and pyrimidine derivatives,265.0,,122,7.55,C12H16N4O1S1,HMDB0000235,HMDB0000235,Thiamine,HMDB0000235,1130.0,18385.0,C00378,5242.0,CC1=C(CCO)SC=[N+]1CC1=CN=C(C)N=C1N,1
75,+,deoxyguanosine,Purine 2'-deoxyribonucleosides,268.1,,152,5.6,C10H13N5O4,HMDB0000085,HMDB0000085,Deoxyguanosine,HMDB0000085,187790.0,17172.0,C00330,3395.0,NC1=NC2=C(N=CN2[C@H]2C[C@H](O)[C@@H](CO)O2)C(=O)N1,1
76,+,adenosine,"Nucleosides, nucleotides, and analogues",268.2,,136.1,5.38,C10H13N5O4,HMDB0000050,HMDB0000050,Adenosine,HMDB0000050,60961.0,16335.0,C00212,86.0,NC1=C2N=CN([C@@H]3O[C@H](CO)[C@@H](O)[C@H]3O)C2=NC=N1,1
77,+,1-Methyladenosine,"Nucleosides, nucleotides, and analogues",281.8,,150,6.3,C11H15N5O4,HMDB0003331,HMDB0003331,1-Methyladenosine,HMDB0003331,27476.0,16020.0,C02494,6888.0,CN1C=NC2=C(N=CN2[C@@H]2O[C@H](CO)[C@@H](O)[C@H]2O)C1=N,1
78,+,guanosine,"Nucleosides, nucleotides, and analogues",284.1,,135,6.2,C10H13N5O5,HMDB0000133,HMDB0000133,Guanosine,HMDB0000133,6802.0,16750.0,C00387,87.0,NC1=NC2=C(N=CN2[C@@H]2O[C@H](CO)[C@@H](O)[C@H]2O)C(=O)N1,1
79,+,L-arginino-succinate,"Amino acids, peptides, and analogues",291.0,,70,4.07,C10H18N4O6,HMDB0000052,HMDB0000052,Argininosuccinic acid,HMDB0000052,16950.0,15682.0,C03406,5115.0,N[C@@H](CCCNC(=N)N[C@@H](CC(O)=O)C(O)=O)C(O)=O,1
80,+,arginosuccinic acid,"Amino acids, peptides, and analogues",291.2,,70,4.06,C10H18N4O6,HMDB0000052,HMDB0000052,Argininosuccinic acid,HMDB0000052,16950.0,15682.0,C03406,5115.0,N[C@@H](CCCNC(=N)N[C@@H](CC(O)=O)C(O)=O)C(O)=O,1
81,+,S-methyl-5-thioadenosine,5'-deoxy-5'-thionucleosides,298.0,,136,4.74,C11H15N5O3S1,HMDB0001173,HMDB0001173,5'-Methylthioadenosine,HMDB0001173,439176.0,17509.0,C00170,3425.0,CSC[C@H]1O[C@H]([C@H](O)[C@@H]1O)N1C=NC2=C1N=CN=C2N,1
82,+,7-methylguanosine,"Nucleosides, nucleotides, and analogues",298.0,,166,5.45,C11H15N5O5,HMDB0005862,HMDB0005862,2-Methylguanosine,HMDB0005862,3035422.0,19702.0,,,CNC1=NC(=O)C2=C(N1)N(C=N2)[C@@H]1O[C@H](CO)[C@@H](O)[C@H]1O,1
83,+,dCMP,Pyrimidine deoxyribonucleotides,308.0,,112,6.54,C9H14N3O7P1,HMDB0001202,HMDB0001202,dCMP,HMDB0001202,13945.0,15918.0,C00239,6078.0,NC1=NC(=O)N(C=C1)[C@H]1C[C@H](O)[C@@H](COP(O)(O)=O)O1,1
84,+,CMP,Pyrimidine ribonucleotides,324.0,,112,6.26,C9H14N3O8P1,HMDB0000095,HMDB0000095,Cytidine monophosphate,HMDB0000095,6131.0,17361.0,C00055,5143.0,NC1=NC(=O)N(C=C1)[C@@H]1O[C@H](COP(O)(O)=O)[C@@H](O)[C@H]1O,1
85,+,UMP,Pyrimidine ribonucleotides,325.0,,97,6.25,C9H13N2O9P1,HMDB0000288,HMDB0000288,Uridine 5'-monophosphate,HMDB0000288,6030.0,16695.0,C00105,,O[C@H]1[C@@H](O)[C@@H](O[C@@H]1COP(O)(O)=O)N1C=CC(=O)NC1=O,1
86,+,dAMP,Purine deoxyribonucleotides,332.1,,136,6.25,C10H14N5O6P1,HMDB0000905,HMDB0000905,Deoxyadenosine monophosphate,HMDB0000905,12599.0,17713.0,C00360,3461.0,NC1=NC=NC2=C1N=CN2[C@H]1C[C@H](O)[C@@H](COP(O)(O)=O)O1,1
87,+,Nicotinamide ribotide,Nicotinamide nucleotides,335.0,,123,6.5,C11H15N2O8P1,HMDB0000229,HMDB0000229,Nicotinamide ribotide,HMDB0000229,14181.0,14648.0,C00455,5238.0,NC(=O)C1=C[N+](=CC=C1)[C@@H]1O[C@H](COP(O)(O)=O)[C@@H](O)[C@H]1O,1
88,+,aminoimidazole carboxamide ribonucleotide,1-ribosyl-imidazolecarboxamides,339.0,,110,3.04,C9H15N4O8P1,HMDB0001517,HMDB0001517,AICAR,HMDB0001517,65110.0,18406.0,C04677,6294.0,NC(=O)C1=C(N)N(C=N1)[C@@H]1O[C@H](COP(O)(O)=O)[C@@H](O)[C@H]1O,1
89,+,thiamine-phosphate,Pyrimidines and pyrimidine derivatives,345.2,,122,7.48,C12H17N4O4P1S1,HMDB0002666,HMDB0002666,Thiamine monophosphate,HMDB0002666,1131.0,9533.0,C01081,3488.0,CC1=C(CCOP(O)(O)=O)SC=[N+]1CC1=CN=C(C)N=C1N,1
90,+,dGMP,Purine deoxyribonucleotides,348.1,,135,5.47,C10H14N5O7P1,HMDB0001044,HMDB0001044,2'-Deoxyguanosine 5'-monophosphate,HMDB0001044,65059.0,16192.0,C00362,,NC1=NC2=C(N=CN2[C@H]2C[C@H](O)[C@@H](COP(O)(O)=O)O2)C(=O)N1,1
91,+,AMP,Purine ribonucleotides,348.2,,136,6.21,C10H14N5O7P1,HMDB0000045,HMDB0000045,Adenosine monophosphate,HMDB0000045,6083.0,16027.0,C00020,5111.0,NC1=C2N=CN([C@@H]3O[C@H](COP(O)(O)=O)[C@@H](O)[C@H]3O)C2=NC=N1,1
92,+,IMP,Purine ribonucleotides,349.0,,137,6.2,C10H13N4O8P1,HMDB0000175,HMDB0000175,Inosinic acid,HMDB0000175,8582.0,17202.0,C00130,5196.0,O[C@@H]1[C@@H](COP(O)(O)=O)O[C@H]([C@@H]1O)N1C=NC2=C1N=CNC2=O,1
93,+,S-adenosyl-L-methioninamine,5'-deoxy-5'-thionucleosides,355.0,,250,5.85,C14H22N6O3S1,HMDB0000988,HMDB0000988,S-Adenosylmethioninamine,HMDB0000988,439415.0,15625.0,C01137,3501.0,C[S+](CCCN)C[C@H]1O[C@H]([C@H](O)[C@@H]1O)N1C=NC2=C1N=CN=C2N,1
94,+,GMP,Purine ribonucleotides,364.0,,152,6.36,C10H14N5O8P1,HMDB0001397,HMDB0001397,Guanosine monophosphate,HMDB0001397,6804.0,17345.0,C00144,6216.0,NC1=NC2=C(N=CN2[C@@H]2O[C@H](COP(O)(O)=O)[C@@H](O)[C@H]2O)C(=O)N1,1
95,+,xanthosine-5-phosphate,Purine ribonucleotides,365.0,,97,6.68,C10H13N4O9P1,HMDB0001554,HMDB0001554,Xanthylic acid,HMDB0001554,73323.0,15652.0,C00655,,O[C@@H]1[C@@H](COP(O)(O)=O)O[C@H]([C@@H]1O)N1C=NC2=C1NC(=O)NC2=O,1
96,+,riboflavin,Alloxazines and isoalloxazines,377.0,,243,6.54,C17H20N4O6,HMDB0000244,HMDB0000244,Riboflavin,HMDB0000244,493570.0,17015.0,C00255,5249.0,CC1=C(C)C=C2N(C[C@H](O)[C@H](O)[C@H](O)CO)C3=NC(=O)NC(=O)C3=NC2=C1,1
97,+,S-adenosyl-L-homoCysteine,5'-deoxy-5'-thionucleosides,385.1,,136,6.29,C14H20N6O5S1,HMDB0000939,HMDB0000939,S-Adenosylhomocysteine,HMDB0000939,439155.0,16680.0,C00021,296.0,N[C@@H](CCSC[C@H]1O[C@H]([C@H](O)[C@@H]1O)N1C=NC2=C1N=CN=C2N)C(O)=O,1
98,-,S-adenosyl-L-homocysteine,5'-deoxy-5'-thionucleosides,383.1,,134,6.28,C14H20N6O5S1,HMDB0000939,HMDB0000939,S-Adenosylhomocysteine,HMDB0000939,439155.0,16680.0,C00021,296.0,N[C@@H](CCSC[C@H]1O[C@H]([C@H](O)[C@@H]1O)N1C=NC2=C1N=CN=C2N)C(O)=O,1
99,+,S-adenosyl-L-methionine,5'-deoxy-5'-thionucleosides,399.1,,250,7.36,C15H22N6O5S1,HMDB0001185,HMDB0001185,S-Adenosylmethionine,HMDB0001185,34756.0,15414.0,C00019,6064.0,C[S+](CC[C@H](N)C(O)=O)C[C@H]1O[C@H]([C@H](O)[C@@H]1O)N1C=NC2=C1N=CN=C2N,1
100,+,folate,"Amino acids, peptides, and analogues",442.0,,295,6.08,C19H19N7O6,HMDB0000121,HMDB0000121,Folic acid,HMDB0000121,6037.0,27470.0,C00504,246.0,NC1=NC(=O)C2=NC(CNC3=CC=C(C=C3)C(=O)N[C@@H](CCC(O)=O)C(O)=O)=CN=C2N1,1
101,+,"7,8-dihydrofolate","Amino acids, peptides, and analogues",444.2,,178,7.63,C19H21N7O6,HMDB0001056,HMDB0001056,Dihydrofolic acid,HMDB0001056,98792.0,15633.0,C00415,5970.0,NC1=NC(=O)C2=C(NCC(CNC3=CC=C(C=C3)C(=O)N[C@@H](CCC(O)=O)C(O)=O)=N2)N1,1
102,+,5-methyl-THF,Pterins and derivatives,460.1,,313.1,6.13,C20H25N7O6,HMDB0001396,HMDB0001396,5-Methyltetrahydrofolic acid,HMDB0001396,439234.0,15641.0,C00440,6215.0,CN1C(CNC2=CC=C(C=C2)C(=O)N[C@H](CCC(O)=O)C(O)=O)CNC2=C1C(=O)NC(N)=N2,1
103,+,Diiodothyronine,"Amino acids, peptides, and analogues",525.5,,352.8,7.45,C15H13I2N1O4,HMDB0000582,HMDB0000582,"3,5-Diiodothyronine",HMDB0000582,123675.0,350682.0,,5564.0,NC(CC1=CC(I)=C(OC2=CC=C(O)C=C2)C(I)=C1)C(O)=O,1
104,+,coenzyme A,Purine ribonucleotides,768.0,,261,6.0,C21H36N7O16P3S1,HMDB0001423,HMDB0001423,Coenzyme A,HMDB0001423,87642.0,15346.0,C00010,6235.0,CC(C)(COP(O)(=O)OP(O)(=O)OC[C@H]1O[C@H]([C@H](O)[C@@H]1OP(O)(O)=O)N1C=NC2=C1N=CN=C2N)[C@@H](O)C(=O)NCCC(=O)NCCS,1
105,+,FAD,"Nucleosides, nucleotides, and analogues",786.0,,348,6.01,C27H33N9O15P2,HMDB0001248,HMDB0001248,FAD,HMDB0001248,643975.0,16238.0,C00016,6106.0,CC1=CC2=C(C=C1C)N(C[C@H](O)[C@H](O)[C@H](O)COP(O)(=O)OP(O)(=O)OC[C@H]1O[C@H]([C@H](O)[C@@H]1O)N1C=NC3=C1N=CN=C3N)C1=NC(=O)NC(=O)C1=N2,1
106,+,acetyl-CoA,Fatty acyl thioesters,810.0,,303,6.96,C23H38N7O17P3S1,HMDB0001206,HMDB0001206,Acetyl-CoA,HMDB0001206,444493.0,15351.0,C00024,6082.0,CC(=O)SCCNC(=O)CCNC(=O)[C@H](O)C(C)(C)COP(O)(=O)OP(O)(=O)OC[C@H]1O[C@H]([C@H](O)[C@@H]1OP(O)(O)=O)N1C=NC2=C1N=CN=C2N,1
107,+,propionyl-CoA,Fatty acyl thioesters,824.1,,317.1,7.45,C24H40N7O17P3S1,HMDB0001275,HMDB0001275,Propionyl-CoA,HMDB0001275,92753.0,15539.0,C00100,6130.0,CCC(=O)SCCNC(=O)CCNC(=O)[C@H](O)C(C)(C)COP(O)(=O)OP(O)(=O)OC[C@H]1O[C@H]([C@H](O)[C@@H]1OP(O)(O)=O)N1C=NC2=C1N=CN=C2N,1
108,+,acetoacetyl-CoA,Fatty acyl thioesters,852.0,,345,5.86,C25H40N7O18P3S1,HMDB0001484,HMDB0001484,Acetoacetyl-CoA,HMDB0001484,92153.0,15345.0,C00332,449.0,CC(=O)CC(=O)SCCNC(=O)CCNC(=O)[C@H](O)C(C)(C)COP(O)(=O)OP(O)(=O)OC[C@H]1O[C@H]([C@H](O)[C@@H]1OP(O)(O)=O)N1C=NC2=C1N=CN=C2N,1
109,+,malonyl-CoA,Fatty acyl thioesters,854.0,,347,6.1,C24H38N7O19P3S1,HMDB0001175,HMDB0001175,Malonyl-CoA,HMDB0001175,644066.0,15531.0,C03188,6056.0,CC(C)(COP(O)(=O)OP(O)(=O)OC[C@H]1O[C@H]([C@H](O)[C@@H]1OP(O)(O)=O)N1C=NC2=C1N=CN=C2N)[C@@H](O)C(=O)NCCC(=O)NCCSC(=O)CC(O)=O,1
110,+,succinyl-CoA,Fatty acyl thioesters,868.1,,361.1,6.12,C25H40N7O19P3S1,HMDB0001022,HMDB0001022,Succinyl-CoA,HMDB0001022,92133.0,15380.0,C00091,5951.0,CC(C)(COP(O)(=O)OP(O)(=O)OC[C@H]1O[C@H]([C@H](O)[C@@H]1OP(O)(O)=O)N1C=NC2=C1N=CN=C2N)[C@@H](O)C(=O)NCCC(=O)NCCSC(=O)CCC(O)=O,1
111,+,sarcosine,"Amino acids, peptides, and analogues",90.0,,44.1,6.27,C3H7N1O2,HMDB0000271,HMDB0000271,Sarcosine,HMDB0000271,1088.0,15611.0,C00213,51.0,CNCC(O)=O,1
112,+,putrescine,Amines,89.0,,72,4.44,C4H12N2,HMDB0001414,HMDB0001414,Putrescine,HMDB0001414,1045.0,17148.0,C00134,3226.0,NCCCCN,1
113,+,spermidine,Amines,146.0,,112,5.71,C7H19N3,HMDB0001257,HMDB0001257,Spermidine,HMDB0001257,1102.0,16610.0,C00315,254.0,NCCCCNCCCN,1
114,+,spermine,Amines,203.1,,129.1,5.74,C10H26N4,HMDB0001256,HMDB0001256,Spermine,HMDB0001256,1103.0,15746.0,C00750,255.0,NCCCNCCCCNCCCN,1
115,+,N-acetyl spermine,Carboxylic acid derivatives,245.0,,129,5.71,C12H28N4O1,HMDB0001186,HMDB0001186,N1-Acetylspermine,HMDB0001186,916.0,17312.0,C02567,3369.0,CC(=O)NCCCNCCCCNCCCN,1
116,+,N-acetyl spermidine,Carboximidic acids,188.0,,112,6.47,C9H21N3O1,HMDB0001276,HMDB0001276,N1-Acetylspermidine,HMDB0001276,496.0,17927.0,C00612,3323.0,CC(=O)NCCCNCCCCN,1
117,+,Nicotinamide Riboside,Carbohydrates and carbohydrate conjugates,255.0,,123,7.2,C11H14N2O5,HMDB0000855,HMDB0000855,Nicotinamide riboside,HMDB0000855,439924.0,15927.0,C03150,5818.0,NC(=O)C1=C[N+](=CC=C1)[C@@H]1O[C@H](CO)[C@@H](O)[C@H]1O,1
118,+,Adenylosuccinate,Purine ribonucleotides,464.0,,251,6.19,C14H18N5O11P1,HMDB0000536,HMDB0000536,Adenylsuccinic acid,HMDB0000536,447145.0,15919.0,C03794,5521.0,O[C@@H]1[C@@H](COP(O)(O)=O)O[C@H]([C@@H]1O)N1C=NC2=C1N=CN=C2N[C@@H](CC(O)=O)C(O)=O,1
119,+,cholesterol,Cholestane steroids,387.4,,331.1,3.17,C27H46O1,HMDB0000067,HMDB0000067,Cholesterol,HMDB0000067,5997.0,16113.0,C00187,163.0,[H][C@@]1(CC[C@@]2([H])[C@]3([H])CC=C4C[C@@H](O)CC[C@]4(C)[C@@]3([H])CC[C@]12C)[C@H](C)CCCC(C)C,1
120,+,phosphocreatine,"Amino acids, peptides, and analogues",212.0,,195.3,6.23,C4H10N3O5P1,HMDB0001511,HMDB0001511,Phosphocreatine,HMDB0001511,587.0,17287.0,C02305,6288.0,CN(CC(O)=O)C(=N)NP(O)(O)=O,1
121,+,retinoic acid,Retinoids,301.1,,205,3.41,C20H28O2,HMDB0001852,HMDB0001852,all-trans-Retinoic acid,HMDB0001852,444795.0,15367.0,C00777,2277.0,C\C(\C=C\C1=C(C)CCCC1(C)C)=C/C=C/C(/C)=C/C(O)=O,1
122,+,N-acetyl-L-alanine,"Amino acids, peptides, and analogues",131.9,,90,6.27,C5H9N1O3,HMDB0000766,HMDB0000766,N-Acetyl-L-alanine,HMDB0000766,88064.0,40992.0,,5733.0,C[C@H](NC(C)=O)C(O)=O,1
123,-,N-Acetyl-L-alanine2,"Amino acids, peptides, and analogues",130.0,,88,6.28,C5H9N1O3,HMDB0000766,HMDB0000766,N-Acetyl-L-alanine,HMDB0000766,88064.0,40992.0,,5733.0,C[C@H](NC(C)=O)C(O)=O,1
124,+,HMG-CoA,Fatty acyl thioesters,912.2,,405.2,6.1,C27H44N7O20P3S1,HMDB0001375,HMDB0001375,3-Hydroxy-3-methylglutaryl-CoA,HMDB0001375,445127.0,15467.0,C00356,6201.0,C[C@](O)(CC(O)=O)CC(=O)SCCNC(=O)CCNC(=O)[C@H](O)C(C)(C)COP(O)(=O)OP(O)(=O)OC[C@H]1O[C@H]([C@H](O)[C@@H]1OP(O)(O)=O)N1C=NC2=C1N=CN=C2N,1
125,+,cysteine sulfinate,"Amino acids, peptides, and analogues",154.1,,74.1,5.17,C3H7N1O4S1,HMDB0000996,HMDB0000996,3-Sulfinoalanine,HMDB0000996,1549098.0,16345.0,C00606,5927.0,N[C@@H](CS(O)=O)C(O)=O,1
126,-,glyoxylate,Carboxylic acids,73.0,,45,6.13,C2H2O3,HMDB0000119,HMDB0000119,Glyoxylic acid,HMDB0000119,760.0,16891.0,C00048,3213.0,OC(=O)C=O,1
127,-,glycolate,Alpha hydroxy acids and derivatives,75.0,,45.2,6.08,C2H4O3,HMDB0000115,HMDB0000115,Glycolic acid,HMDB0000115,757.0,17497.0,C03547,3219.0,OCC(O)=O,1
128,-,pyruvate,Alpha-keto acids and derivatives,87.0,,43,6.33,C3H4O3,HMDB0000243,HMDB0000243,Pyruvic acid,HMDB0000243,1060.0,32816.0,C00022,117.0,CC(=O)C(O)=O,1
129,-,lactate,Alpha hydroxy acids and derivatives,89.0,,43.2,5.62,C3H6O3,HMDB0000190,HMDB0000190,Lactic acid,HMDB0000190,107689.0,422.0,C00186,5205.0,C[C@H](O)C(O)=O,1
130,-,2-oxobutanoate,Short-chain keto acids and derivatives,101.0,,57.2,6.08,C4H6O3,HMDB0000005,HMDB0000005,2-Ketobutyric acid,HMDB0000005,58.0,30831.0,C00109,,CCC(=O)C(O)=O,1
131,-,acetoacetate,Short-chain keto acids and derivatives,101.1,,57.2,6.07,C4H6O3,HMDB0000060,HMDB0000060,Acetoacetic acid,HMDB0000060,96.0,15344.0,C00164,276.0,CC(=O)CC(O)=O,1
132,-,glycerate,Carbohydrates and carbohydrate conjugates,105.0,,75,5.93,C3H6O4,HMDB0000139,HMDB0000139,Glyceric acid,HMDB0000139,439194.0,32398.0,C00258,280.0,OC[C@@H](O)C(O)=O,1
133,-,uracil,Pyrimidines and pyrimidine derivatives,111.1,,42.1,4.98,C4H4N2O2,HMDB0000300,HMDB0000300,Uracil,HMDB0000300,1174.0,17568.0,C00106,258.0,O=C1NC=CC(=O)N1,1
134,-,fumarate,Dicarboxylic acids and derivatives,115.0,,71,6.22,C4H4O4,HMDB0000134,HMDB0000134,Fumaric acid,HMDB0000134,444972.0,18012.0,C00122,3242.0,OC(=O)\C=C\C(O)=O,1
135,-,Maleic acid,Dicarboxylic acids and derivatives,115.0,,71.0 (2),6.17,C4H4O4,HMDB0000176,HMDB0000176,Maleic acid,HMDB0000176,444266.0,18300.0,C01384,4198.0,OC(=O)\C=C/C(O)=O,1
136,-,2-keto-isovalerate,Short-chain keto acids and derivatives,115.1,,71.1,6.22,C5H8O3,HMDB0000019,HMDB0000019,alpha-Ketoisovaleric acid,HMDB0000019,49.0,16530.0,C00141,5091.0,CC(C)C(=O)C(O)=O,1
137,-,Guanidoacetic acid,"Amino acids, peptides, and analogues",116.0,,74.3,5.77,C3H7N3O2,HMDB0000128,HMDB0000128,Guanidoacetic acid,HMDB0000128,763.0,16344.0,C00581,5163.0,NC(=N)NCC(O)=O,1
138,-,succinate,Dicarboxylic acids and derivatives,117.0,,73,6.04,C4H6O4,HMDB0000254,HMDB0000254,Succinic acid,HMDB0000254,1738118.0,15741.0,C00042,114.0,OC(=O)CCC(O)=O,1
139,-,Methylmalonic acid,Dicarboxylic acids and derivatives,117.0,,73.1,6.04,C4H6O4,HMDB0000202,HMDB0000202,Methylmalonic acid,HMDB0000202,487.0,30860.0,C02170,3712.0,CC(C(O)=O)C(O)=O,1
140,-,3-S-methylthiopropionate,Fatty acids and conjugates,119.0,,47,5.78,C4H8O2S1,HMDB0001527,HMDB0001527,3-Methylthiopropionic acid,HMDB0001527,563.0,1438.0,C08276,6300.0,CSCCC(O)=O,1
141,-,nicotinate,Pyridinecarboxylic acids and derivatives,122.0,,78,4.9,C6H5N1O2,HMDB0001488,HMDB0001488,Nicotinic acid,HMDB0001488,938.0,15940.0,C00253,6272.0,OC(=O)C1=CN=CC=C1,1
142,-,taurine,Organosulfonic acids and derivatives,124.0,,80,6.04,C2H7N1O3S1,HMDB0000251,HMDB0000251,Taurine,HMDB0000251,1123.0,15891.0,C00245,31.0,NCCS(O)(=O)=O,1
143,-,Pyroglutamic acid,"Amino acids, peptides, and analogues",128.0,,82.1,5.86,C5H7N1O3,HMDB0000267,HMDB0000267,Pyroglutamic acid,HMDB0000267,7405.0,18183.0,C01879,3251.0,OC(=O)[C@@H]1CCC(=O)N1,1
144,-,Citraconic acid,Fatty acids and conjugates,129.0,,85.1,6.1,C5H6O4,HMDB0000634,HMDB0000634,Citraconic acid,HMDB0000634,643798.0,17626.0,C02226,5607.0,C\C(=C\C(O)=O)C(O)=O,1
145,-,2-ketohaxanoic acid,Medium-chain keto acids and derivatives,129.0,,101.3,6.04,C6H10O3,HMDB0001864,HMDB0001864,2-Ketohexanoic acid,HMDB0001864,159664.0,17308.0,C00902,4144.0,CCCCC(=O)C(O)=O,1
146,-,oxaloacetate,Short-chain keto acids and derivatives,131.0,,87,6.0,C4H4O5,HMDB0000223,HMDB0000223,Oxalacetic acid,HMDB0000223,970.0,30744.0,C00036,123.0,OC(=O)CC(=O)C(O)=O,1
147,-,Hydroxyisocaproic acid,Fatty acids and conjugates,131.0,,85.1,6.1,C6H12O3,HMDB0000746,HMDB0000746,Hydroxyisocaproic acid,HMDB0000746,83697.0,44510.0,,5714.0,CC(C)C[C@H](O)C(O)=O,1
148,-,malate,Beta hydroxy acids and derivatives,133.0,,115,6.21,C4H6O5,HMDB0000156,HMDB0000156,Malic acid,HMDB0000156,222656.0,30797.0,C00149,,O[C@@H](CC(O)=O)C(O)=O,1
149,-,hypoxanthine,Purines and purine derivatives,135.0,,92,5.37,C5H4N4O1,HMDB0000157,HMDB0000157,Hypoxanthine,HMDB0000157,790.0,17368.0,C00262,83.0,OC1=NC=NC2=C1NC=N2,1
150,-,anthranilate,Benzoic acids and derivatives,136.0,,92,3.33,C7H7N1O2,HMDB0001123,HMDB0001123,2-Aminobenzoic acid,HMDB0001123,227.0,30754.0,C00108,6018.0,NC1=CC=CC=C1C(O)=O,1
151,-,p-aminobenzoate,Benzoic acids and derivatives,136.1,,92,3.33,C7H7N1O2,HMDB0001392,HMDB0001392,p-Aminobenzoic acid,HMDB0001392,978.0,30753.0,C00568,3261.0,NC1=CC=C(C=C1)C(O)=O,1
152,-,p-hydroxybenzoate,Benzoic acids and derivatives,137.0,,93,5.22,C7H6O3,HMDB0000500,HMDB0000500,4-Hydroxybenzoic acid,HMDB0000500,135.0,30763.0,C00156,5486.0,OC(=O)C1=CC=C(O)C=C1,1
153,-,acetylphosphate,Phosphate esters,139.0,,79,6.42,C2H5O5P1,HMDB0001494,HMDB0001494,Acetylphosphate,HMDB0001494,186.0,15350.0,C00227,6278.0,CC(=O)OP(O)(O)=O,1
154,-,Carbamoyl phosphate,Organic acids and derivatives,140.0,,79,6.52,C1H4N1O5P1,HMDB0001096,HMDB0001096,Carbamoyl phosphate,HMDB0001096,278.0,17672.0,C00169,6002.0,NC(=O)OP(O)(O)=O,1
155,-,a-ketoglutarate,Gamma-keto acids and derivatives,145.0,,101,6.35,C5H6O5,HMDB0000208,HMDB0000208,Oxoglutaric acid,HMDB0000208,51.0,30915.0,C00026,5218.0,OC(=O)CCC(=O)C(O)=O,1
156,-,Phenylpropiolic acid,Benzenoids,145.0,,101.0 (2),6.35,C9H6O2,HMDB0002359,HMDB0002359,Phenylpropiolic acid,HMDB0002359,69475.0,90355.0,,6644.0,OC(=O)C#CC1=CC=CC=C1,1
157,-,2-oxo-4-methylthiobutanoate,Fatty acids and conjugates,147.0,,99,6.13,C5H8O3S1,HMDB0001553,HMDB0001553,2-Oxo-4-methylthiobutanoic acid,HMDB0001553,473.0,33574.0,C01180,6319.0,CSCCC(=O)C(O)=O,1
158,-,2-Hydroxy-2-methylbutanedioic acid,Fatty acids and conjugates,147.0,,85.1,6.05,C5H8O5,HMDB0000426,HMDB0000426,Citramalic acid,HMDB0000426,1081.0,15584.0,C00815,5415.0,CC(O)(CC(O)=O)C(O)=O,1
159,-,3-methylphenylacetic acid,Toluenes,149.0,,105,6.32,C9H10O2,HMDB0002222,HMDB0002222,3-Methylphenylacetic acid,HMDB0002222,12121.0,88356.0,,6557.0,CC1=CC(CC(O)=O)=CC=C1,1
160,-,xanthine,Purines and purine derivatives,151.0,,108,5.7,C5H4N4O2,HMDB0000292,HMDB0000292,Xanthine,HMDB0000292,1188.0,17712.0,C00385,82.0,O=C1NC2=C(NC=N2)C(=O)N1,1
161,-,Hydroxyphenylacetic acid,Phenylacetic acids,151.0,,107,3.48,C8H8O3,HMDB0000669,HMDB0000669,ortho-Hydroxyphenylacetic acid,HMDB0000669,11970.0,28478.0,C05852,5639.0,OC(=O)CC1=C(O)C=CC=C1,1
162,-,"2,3-dihydroxybenzoic acid",Benzoic acids and derivatives,153.0,,109,5.46,C7H6O4,HMDB0000397,HMDB0000397,2-Pyrocatechuic acid,HMDB0000397,19.0,18026.0,C00196,5386.0,OC(=O)C1=C(O)C(O)=CC=C1,1
163,-,orotate,Pyrimidines and pyrimidine derivatives,155.0,,111,5.45,C5H4N2O4,HMDB0000226,HMDB0000226,Orotic acid,HMDB0000226,967.0,16742.0,C00295,318.0,OC(=O)C1=CC(=O)NC(=O)N1,1
164,-,dihydroorotate,"Amino acids, peptides, and analogues",157.0,,113,5.81,C5H6N2O4,HMDB0000528,HMDB0000528,"4,5-Dihydroorotic acid",HMDB0000528,648.0,30865.0,C00337,5513.0,OC(=O)C1CC(=O)NC(=O)N1,1
165,-,allantoin,Imidazoles,157.1,,114,5.55,C4H6N4O3,HMDB0000462,HMDB0000462,Allantoin,HMDB0000462,204.0,15676.0,C01551,89.0,NC(=O)NC1NC(=O)NC1=O,1
166,-,Aminoadipic acid,"Amino acids, peptides, and analogues",160.0,,116,6.21,C6H11N1O4,HMDB0000510,HMDB0000510,Aminoadipic acid,HMDB0000510,92136.0,37023.0,C00956,5496.0,N[C@@H](CCCC(O)=O)C(O)=O,1
167,-,Indole-3-carboxylic acid,Indolecarboxylic acids and derivatives,160.0,,116.0 (2),6.2,C9H7N1O2,HMDB0003320,HMDB0003320,Indole-3-carboxylic acid,HMDB0003320,69867.0,24809.0,C19837,3795.0,OC(=O)C1=CNC2=CC=CC=C12,1
168,-,phenylpyruvate,Phenylpyruvic acid derivatives,163.0,,91,6.13,C9H8O3,HMDB0000205,HMDB0000205,Phenylpyruvic acid,HMDB0000205,997.0,30851.0,C00166,328.0,OC(=O)C(=O)CC1=CC=CC=C1,1
169,-,Phenyllactic acid,Phenylpropanoids and polyketides,165.0,,103.1,5.64,C9H10O3,HMDB0000779,HMDB0000779,Phenyllactic acid,HMDB0000779,3848.0,25998.0,C01479,5745.0,OC(CC1=CC=CC=C1)C(O)=O,1
170,-,quinolinate,Pyridinecarboxylic acids and derivatives,166.0,,122,5.89,C7H5N1O4,HMDB0000232,HMDB0000232,Quinolinic acid,HMDB0000232,1066.0,16675.0,C03722,330.0,OC(=O)C1=CC=CN=C1C(O)=O,1
171,-,phosphoenolpyruvate,Phosphate esters,167.0,,79,6.26,C3H5O6P1,HMDB0000263,HMDB0000263,Phosphoenolpyruvic acid,HMDB0000263,1005.0,44897.0,C00074,5264.0,OC(=O)C(=C)OP(O)(O)=O,1
172,-,Uric acid,Purines and purine derivatives,167.0,,124,6.04,C5H4N4O3,HMDB0000289,HMDB0000289,Uric acid,HMDB0000289,1175.0,17775.0,C00366,88.0,O=C1NC2=C(N1)C(=O)NC(=O)N2,1
173,-,dihydroxy-acetone-phosphate,Carbohydrates and carbohydrate conjugates,169.0,,79,6.23,C3H7O6P1,HMDB0001473,HMDB0001473,Dihydroxyacetone phosphate,HMDB0001473,668.0,16108.0,C00111,6262.0,OCC(=O)COP(O)(O)=O,1
174,-,D-glyceraldehdye-3-phosphate,Carbohydrates and carbohydrate conjugates,169.1,,97,5.9,C3H7O6P1,HMDB0001112,HMDB0001112,Glyceraldehyde 3-phosphate,HMDB0001112,439168.0,29052.0,C00118,3294.0,O[C@H](COP(O)(O)=O)C=O,1
175,-,sn-glycerol-3-phosphate,Glycerophosphates,171.0,,79,6.24,C3H9O6P1,HMDB0000126,HMDB0000126,Glycerol 3-phosphate,HMDB0000126,439162.0,15978.0,C00093,5161.0,OC[C@@H](O)COP(O)(O)=O,1
176,-,shikimate,Alcohols and polyols,173.0,,93,2.99,C7H10O5,HMDB0003070,HMDB0003070,Shikimic acid,HMDB0003070,8742.0,16119.0,C00493,338.0,O[C@@H]1CC(=C[C@@H](O)[C@H]1O)C(O)=O,1
177,-,aconitate,Tricarboxylic acids and derivatives,173.1,,85,6.15,C6H6O6,HMDB0000072,HMDB0000072,cis-Aconitic acid,HMDB0000072,643757.0,32805.0,C00417,5130.0,OC(=O)C\C(=C\C(O)=O)C(O)=O,1
178,-,allantoate,"Amino acids, peptides, and analogues",175.0,,132,6.13,C4H8N4O4,HMDB0001209,HMDB0001209,Allantoic acid,HMDB0001209,203.0,30837.0,C00499,343.0,NC(=O)NC(NC(N)=O)C(O)=O,1
179,-,Ascorbic acid,Furanones,175.0,,87,6.31,C6H8O6,HMDB0000044,HMDB0000044,Ascorbic acid,HMDB0000044,54670067.0,29073.0,C01041,3753.0,[H][C@@]1(OC(=O)C(O)=C1O)[C@@H](O)CO,1
180,-,2-Isopropylmalic acid,Fatty acids and conjugates,175.0,,115,5.95,C7H12O5,HMDB0000402,HMDB0000402,2-Isopropylmalic acid,HMDB0000402,5280523.0,35128.0,C02504,339.0,CC(C)[C@@](O)(CC(O)=O)C(O)=O,1
181,-,Pyrophosphate,Non-metal pyrophosphates,176.8,,158.6,6.23,H4O7P2,HMDB0000250,HMDB0000250,Pyrophosphate,HMDB0000250,1023.0,29888.0,C00013,3306.0,OP(O)(=O)OP(O)(O)=O,1
182,-,glucono-?-lactone,Carbohydrates and carbohydrate conjugates,177.0,,129,6.12,C6H10O6,HMDB0000150,HMDB0000150,Gluconolactone,HMDB0000150,7027.0,16217.0,C00198,353.0,OC[C@H]1OC(=O)[C@H](O)[C@@H](O)[C@@H]1O,1
183,-,myo-inositol,Alcohols and polyols,179.0,,161,6.02,C6H12O6,HMDB0000211,HMDB0000211,myo-Inositol,HMDB0000211,,17268.0,C00137,5221.0,O[C@H]1[C@H](O)[C@@H](O)[C@H](O)[C@H](O)[C@@H]1O,1
184,-,hydroxyphenylpyruvate,Phenylpyruvic acid derivatives,179.1,,107,6.13,C9H8O4,HMDB0000707,HMDB0000707,4-Hydroxyphenylpyruvic acid,HMDB0000707,979.0,15999.0,C01179,5675.0,OC(=O)C(=O)CC1=CC=C(O)C=C1,1
185,-,homocysteic acid,"Amino acids, peptides, and analogues",182.0,,80,6.04,C4H9N1O5S1,HMDB0002205,HMDB0002205,L-Homocysteic acid,HMDB0002205,177491.0,132223.0,C16511,6545.0,N[C@@H](CCS(O)(=O)=O)C(O)=O,1
186,-,4-Pyridoxic acid,Pyridinecarboxylic acids and derivatives,182.0,,138,3.89,C8H9N1O4,HMDB0000017,HMDB0000017,4-Pyridoxic acid,HMDB0000017,6723.0,17405.0,C00847,239.0,CC1=NC=C(CO)C(C(O)=O)=C1O,1
187,-,3-phosphoglycerate,Carbohydrates and carbohydrate conjugates,185.0,,97,4.87,C3H7O7P1,HMDB0000807,HMDB0000807,3-Phosphoglyceric acid,HMDB0000807,724.0,17050.0,C00597,150.0,OC(COP(O)(O)=O)C(O)=O,1
188,-,Indoleacrylic acid,Indoles,186.0,,142,6.02,C11H9N1O2,HMDB0000734,HMDB0000734,Indoleacrylic acid,HMDB0000734,5375048.0,132244.0,,5702.0,OC(=O)\C=C\C1=CNC2=C1C=CC=C2,1
189,-,Kynurenic acid,Quinoline carboxylic acids,188.0,,144,5.72,C10H7N1O3,HMDB0000715,HMDB0000715,Kynurenic acid,HMDB0000715,3845.0,18344.0,C01717,5683.0,OC(=O)C1=CC(=O)C2=CC=CC=C2N1,1
190,-,citrate-isocitrate,Tricarboxylic acids and derivatives,191.0,,111,6.33,C6H8O7,HMDB0000193,HMDB0000193,Isocitric acid,HMDB0000193,1198.0,30887.0,C00311,3328.0,OC(C(CC(O)=O)C(O)=O)C(O)=O,1
191,-,isocitrate,Tricarboxylic acids and derivatives,191.0,,117,6.27,C6H8O7,HMDB0000193,HMDB0000193,Isocitric acid,HMDB0000193,1198.0,30887.0,C00311,3328.0,OC(C(CC(O)=O)C(O)=O)C(O)=O,1
192,-,citrate,Tricarboxylic acids and derivatives,191.1,,87,6.04,C6H8O7,HMDB0000094,HMDB0000094,Citric acid,HMDB0000094,311.0,30769.0,C00158,124.0,OC(=O)CC(O)(CC(O)=O)C(O)=O,1
193,-,2-dehydro-D-gluconate,Carbohydrates and carbohydrate conjugates,193.0,,103,6.18,C6H10O7,HMDB0011732,HMDB0011732,2-Keto-L-gluconate,HMDB0011732,50.0,88378.0,C03342,,OCC(O)C(O)C(O)C(=O)C(O)=O,1
194,-,D-gluconate,Carbohydrates and carbohydrate conjugates,195.0,,129,6.13,C6H12O7,HMDB0000625,HMDB0000625,Gluconic acid,HMDB0000625,10690.0,33198.0,C00257,345.0,OC[C@@H](O)[C@@H](O)[C@H](O)[C@@H](O)C(O)=O,1
195,-,D-erythrose-4-phosphate,Carbohydrates and carbohydrate conjugates,199.0,,97,6.25,C4H9O7P1,HMDB0001321,HMDB0001321,D-Erythrose 4-phosphate,HMDB0001321,122357.0,48153.0,C00279,6158.0,O[C@H](COP(O)(O)=O)[C@@H](O)C=O,1
196,-,Xanthurenic acid,Quinoline carboxylic acids,204.0,,160,6.78,C10H7N1O4,HMDB0000881,HMDB0000881,Xanthurenic acid,HMDB0000881,5699.0,10072.0,C02470,5841.0,OC(=O)C1=NC2=C(O)C=CC=C2C(O)=C1,1
197,-,lipoate,Lipoic acids and derivatives,205.0,,171,5.46,C8H14O2S2,HMDB0001451,HMDB0001451,(R)-Lipoic acid,HMDB0001451,6112.0,30314.0,C16241,126.0,OC(=O)CCCC[C@@H]1CCSS1,1
198,-,D-glucarate,Carbohydrates and carbohydrate conjugates,209.0,,85,6.25,C6H10O8,HMDB0000663,HMDB0000663,Glucaric acid,HMDB0000663,33037.0,16002.0,C00818,5633.0,O[C@@H]([C@H](O)[C@@H](O)C(O)=O)[C@H](O)C(O)=O,1
199,-,pantothenate,Polyols,218.0,,146,6.33,C9H17N1O5,HMDB0000210,HMDB0000210,Pantothenic acid,HMDB0000210,6613.0,46905.0,C00864,,CC(C)(CO)[C@@H](O)C(=O)NCCC(O)=O,1
200,-,prephenate,Gamma-keto acids and derivatives,225.0,,91,5.08,C10H10O6,HMDB0012283,HMDB0012283,Prephenate,HMDB0012283,363602639.0,84387.0,C00254,,O[C@H]1C=C[C@](CC(=O)C(O)=O)(C=C1)C(O)=O,1
201,-,deoxyuridine,Pyrimidine 2'-deoxyribonucleosides,227.0,,184,6.01,C9H12N2O5,HMDB0000012,HMDB0000012,Deoxyuridine,HMDB0000012,13712.0,16450.0,C00526,5086.0,OC[C@H]1O[C@H](C[C@@H]1O)N1C=CC(=O)NC1=O,1
202,-,ribose-phosphate,Carbohydrates and carbohydrate conjugates,229.0,,79,6.28,C5H11O8P1,HMDB0001548,HMDB0001548,D-Ribose 5-phosphate,HMDB0001548,440101.0,18189.0,C03736,6315.0,O[C@H]1O[C@H](COP(O)(O)=O)[C@@H](O)[C@H]1O,1
203,-,thymidine,Pyrimidine 2'-deoxyribonucleosides,241.0,,125,5.99,C10H14N2O5,HMDB0000273,HMDB0000273,Thymidine,HMDB0000273,5789.0,17748.0,C00214,3375.0,CC1=CN([C@H]2C[C@H](O)[C@@H](CO)O2)C(=O)NC1=O,1
204,-,uridine,"Nucleosides, nucleotides, and analogues",243.0,,200,5.38,C9H12N2O6,HMDB0000296,HMDB0000296,Uridine,HMDB0000296,6029.0,16704.0,C00299,90.0,OC[C@H]1O[C@H]([C@H](O)[C@@H]1O)N1C=CC(=O)NC1=O,1
205,-,deoxyinosine,Purine 2'-deoxyribonucleosides,251.0,,135,5.38,C10H12N4O4,HMDB0000071,HMDB0000071,Deoxyinosine,HMDB0000071,65058.0,28997.0,C05512,3383.0,OC[C@H]1O[C@H](C[C@@H]1O)N1C=NC2=C1N=CNC2=O,1
206,-,D-glucono-?-lactone-6-phosphate,Carbohydrates and carbohydrate conjugates,257.0,,97,6.25,C6H11O9P1,HMDB0062628,HMDB0062628,"6-O-phosphonato-D-glucono-1,5-lactone(2-)",HMDB0062628,600.0,57955.0,,,OC1C(O)C(COP(O)(O)=O)OC(=O)C1O,1
207,-,glucose-1-phosphate,Carbohydrates and carbohydrate conjugates,259.0,,241,6.35,C6H13O9P1,HMDB0000645,HMDB0000645,Galactose 1-phosphate,HMDB0000645,123912.0,17973.0,C00446,5618.0,OC[C@H]1O[C@H](OP(O)(O)=O)[C@H](O)[C@@H](O)[C@H]1O,1
208,-,glucose-6-phosphate,Carbohydrates and carbohydrate conjugates,259.0,,199,5.66,C6H13O9P1,HMDB0001401,HMDB0001401,Glucose 6-phosphate,HMDB0001401,5958.0,4170.0,C00092,145.0,OC1O[C@H](COP(O)(O)=O)[C@@H](O)[C@H](O)[C@H]1O,1
209,-,fructose-6-phosphate,Carbohydrates and carbohydrate conjugates,259.0,,169,5.91,C6H13O9P1,HMDB0000124,HMDB0000124,Fructose 6-phosphate,HMDB0000124,69507.0,15946.0,C00085,5159.0,OCC(=O)[C@@H](O)[C@H](O)[C@H](O)COP(O)(O)=O,1
210,-,"1,3-diphopshateglycerate",Phosphate esters,265.0,,79,6.45,C3H8O10P2,HMDB0001270,HMDB0001270,"Glyceric acid 1,3-biphosphate",HMDB0001270,439191.0,16001.0,C00236,,O[C@H](COP(O)(O)=O)C(=O)OP(O)(O)=O,1
211,-,"2,3-Diphosphoglyceric acid",Carbohydrates and carbohydrate conjugates,265.1,,167.1,6.37,C3H8O10P2,HMDB0001294,HMDB0001294,"2,3-Diphosphoglyceric acid",HMDB0001294,186004.0,17720.0,C01159,153.0,OC(=O)[C@@H](COP(O)(O)=O)OP(O)(O)=O,1
212,-,inosine,"Nucleosides, nucleotides, and analogues",267.0,,135,5.59,C10H12N4O5,HMDB0000195,HMDB0000195,Inosine,HMDB0000195,6021.0,17596.0,C00294,84.0,OC[C@H]1O[C@H]([C@H](O)[C@@H]1O)N1C=NC2=C(O)N=CN=C12,1
213,-,6-phospho-D-gluconate,Carbohydrates and carbohydrate conjugates,275.0,,97,6.26,C6H13O10P1,HMDB0001316,HMDB0001316,6-Phosphogluconic acid,HMDB0001316,91493.0,48928.0,C00345,367.0,O[C@H](COP(O)(O)=O)[C@@H](O)[C@H](O)[C@@H](O)C(O)=O,1
214,-,xanthosine,"Nucleosides, nucleotides, and analogues",283.0,,151,5.81,C10H12N4O6,HMDB0000299,HMDB0000299,Xanthosine,HMDB0000299,64959.0,18107.0,C01762,3408.0,OC[C@H]1O[C@H]([C@H](O)[C@@H]1O)N1C=NC2=C1N=C(O)N=C2O,1
215,-,N-acetyl-glucosamine-1-phosphate,Carbohydrates and carbohydrate conjugates,300.0,,79,6.22,C8H16N1O9P1,HMDB0001367,HMDB0001367,N-Acetyl-glucosamine 1-phosphate,HMDB0001367,440272.0,7125.0,C04256,6194.0,CC(=O)N[C@@H]1[C@@H](O)[C@H](O)[C@@H](CO)OC1OP(O)(O)=O,1
216,-,dUMP,Pyrimidine deoxyribonucleotides,307.0,,195,5.58,C9H13N2O8P1,HMDB0001409,HMDB0001409,dUMP,HMDB0001409,65063.0,17622.0,C00365,6225.0,O[C@H]1C[C@@H](O[C@@H]1COP(O)(O)=O)N1C=CC(=O)NC1=O,1
217,-,Geranyl-PP,Isoprenoid phosphates,313.0,,79,6.7,C10H20O7P2,HMDB0001285,HMDB0001285,Geranyl-PP,HMDB0001285,445995.0,17211.0,C05847,6134.0,CC(C)=CCC\C(C)=C\COP(O)(=O)OP(O)(O)=O,1
218,-,cyclic-AMP,Cyclic purine nucleotides,328.0,,134.1,5.65,C10H12N5O6P1,HMDB0000058,HMDB0000058,Cyclic AMP,HMDB0000058,6076.0,17489.0,C00575,5120.0,[H][C@@]12COP(O)(=O)O[C@@]1([H])[C@@H](O)[C@@H](O2)N1C=NC2=C1N=CN=C2N,1
219,-,"fructose-1,6-bisphosphate",Carbohydrates and carbohydrate conjugates,339.0,,97,6.24,C6H14O12P2,HMDB0001058,HMDB0001058,"Fructose 1,6-bisphosphate",HMDB0001058,10267.0,28013.0,C05378,147.0,O[C@H]1[C@H](O)[C@@](O)(COP(O)(O)=O)O[C@@H]1COP(O)(O)=O,1
220,-,Cellobiose,Carbohydrates and carbohydrate conjugates,341.1,,263.1,6.44,C12H22O11,HMDB0000055,HMDB0000055,Cellobiose,HMDB0000055,10712.0,36217.0,C06422,3480.0,OC[C@H]1O[C@@H](O[C@H]2[C@H](O)[C@@H](O)[C@H](O)O[C@@H]2CO)[C@H](O)[C@@H](O)[C@@H]1O,1
221,-,orotidine-5-phosphate,Pyrimidine ribonucleotides,367.0,,323,6.16,C10H13N2O11P1,HMDB0000218,HMDB0000218,Orotidylic acid,HMDB0000218,160617.0,15842.0,C01103,5228.0,O[C@H]1[C@@H](O)[C@@H](O[C@@H]1COP(O)(O)=O)N1C(=O)NC(=O)C=C1C(O)=O,1
222,-,"trans, trans-farnesyl diphosphate",Sesquiterpenoids,381.0,,79,6.06,C15H28O7P2,HMDB0000961,HMDB0000961,Farnesyl pyrophosphate,HMDB0000961,445713.0,17407.0,C00448,403.0,CC(C)=CCC\C(C)=C\CC\C(C)=C\COP(O)(=O)OP(O)(O)=O,1
223,-,dCDP,Organic pyrophosphates,386.0,,159,6.94,C9H15N3O10P2,HMDB0001245,HMDB0001245,dCDP,HMDB0001245,150855.0,28846.0,C00705,6105.0,NC1=NC(=O)N(C=C1)[C@H]1C[C@H](O)[C@@H](COP(O)(=O)OP(O)(O)=O)O1,1
224,-,5-phosphoribosyl-1-pyrophosphate,Carbohydrates and carbohydrate conjugates,389.0,,291,5.61,C5H13O14P3,HMDB0000280,HMDB0000280,Phosphoribosyl pyrophosphate,HMDB0000280,7339.0,17111.0,C00119,5274.0,O[C@H]1[C@@H](O)[C@@H](OP(O)(=O)OP(O)(O)=O)O[C@@H]1COP(O)(O)=O,1
225,-,Deoxycholic acid,"Bile acids, alcohols and derivatives",391.2,,345.2,3.72,C24H40O4,HMDB0000626,HMDB0000626,Deoxycholic acid,HMDB0000626,222528.0,28834.0,C04483,265.0,[H][C@@]1(CC[C@@]2([H])[C@]3([H])CC[C@]4([H])C[C@H](O)CC[C@]4(C)[C@@]3([H])C[C@H](O)[C@]12C)[C@H](C)CCC(O)=O,1
226,-,dTDP,Pyrimidine deoxyribonucleotides,401.0,,159,6.1,C10H16N2O11P2,HMDB0001274,HMDB0001274,dTDP,HMDB0001274,164628.0,18075.0,C00363,6129.0,CC1=CN([C@H]2C[C@H](O)[C@@H](COP(O)(=O)OP(O)(O)=O)O2)C(=O)NC1=O,1
227,-,CDP,Pyrimidine ribonucleotides,402.0,,384,6.1,C9H15N3O11P2,HMDB0001546,HMDB0001546,CDP,HMDB0001546,6132.0,17239.0,C00112,6313.0,NC1=NC(=O)N(C=C1)[C@@H]1O[C@H](COP(O)(=O)OP(O)(O)=O)[C@@H](O)[C@H]1O,1
228,-,UDP,Pyrimidine ribonucleotides,403.0,,159,6.26,C9H14N2O12P2,HMDB0000295,HMDB0000295,Uridine 5'-diphosphate,HMDB0000295,6031.0,17659.0,C00015,,O[C@H]1[C@@H](O)[C@@H](O[C@@H]1COP(O)(=O)OP(O)(O)=O)N1C=CC(=O)NC1=O,1
229,-,Cholic acid,"Bile acids, alcohols and derivatives",407.2,,345.2,6.21,C24H40O5,HMDB0000619,HMDB0000619,Cholic acid,HMDB0000619,221493.0,16359.0,C00695,206.0,C[C@H](CCC(O)=O)[C@H]1CC[C@H]2[C@@H]3[C@H](O)C[C@@H]4C[C@H](O)CC[C@]4(C)[C@H]3C[C@H](O)[C@]12C,1
230,-,trehalose-6-Phosphate,Carbohydrates and carbohydrate conjugates,421.0,,79,6.27,C12H23O14P1,HMDB0001124,HMDB0001124,Trehalose 6-phosphate,HMDB0001124,122336.0,18283.0,C00689,6019.0,OC[C@H]1O[C@H](O[C@H]2O[C@H](COP(O)(O)=O)[C@@H](O)[C@H](O)[C@H]2O)[C@H](O)[C@@H](O)[C@@H]1O,1
231,-,Thiamine pyrophosphate,Pyrimidines and pyrimidine derivatives,423.1,,302,6.69,C12H18N4O7P2S1,HMDB0001372,HMDB0001372,Thiamine pyrophosphate,HMDB0001372,1132.0,9532.0,C00068,2832.0,CC1=C(CCOP(O)(=O)OP(O)(O)=O)SC=[N+]1CC1=CN=C(C)N=C1N,1
232,-,adenosine 5-phosphosulfate,Purine ribonucleotides,426.0,,346,5.98,C10H14N5O10P1S1,HMDB0001003,HMDB0001003,Adenosine phosphosulfate,HMDB0001003,10238.0,17709.0,C00224,5933.0,NC1=NC=NC2=C1N=CN2[C@@H]1O[C@H](COP(O)(=O)OS(O)(=O)=O)[C@@H](O)[C@H]1O,1
233,-,ADP,Purine ribonucleotides,426.1,,159,6.39,C10H15N5O10P2,HMDB0001341,HMDB0001341,ADP,HMDB0001341,6022.0,16761.0,C00008,6175.0,NC1=NC=NC2=C1N=CN2[C@@H]1O[C@H](COP(O)(=O)OP(O)(O)=O)[C@@H](O)[C@H]1O,1
234,-,dGDP,Purine deoxyribonucleotides,426.1,,159.0 (2),6.39,C10H15N5O10P2,HMDB0000960,HMDB0000960,dGDP,HMDB0000960,439220.0,28862.0,C00361,5906.0,NC1=NC2=C(N=CN2[C@H]2C[C@H](O)[C@@H](COP(O)(=O)OP(O)(O)=O)O2)C(=O)N1,1
235,-,IDP,Purine ribonucleotides,427.0,,159,5.71,C10H14N4O11P2,HMDB0003335,HMDB0003335,IDP,HMDB0003335,644173.0,17808.0,C00104,6892.0,O[C@@H]1[C@@H](COP(O)(=O)OP(O)(O)=O)OC([C@@H]1O)N1C=NC2=C1NC=NC2=O,1
236,-,GDP,Purine ribonucleotides,442.0,,159,6.14,C10H15N5O11P2,HMDB0001201,HMDB0001201,Guanosine diphosphate,HMDB0001201,8977.0,17552.0,C00035,6077.0,NC1=NC2=C(N=CN2[C@@H]2O[C@H](COP(O)(=O)OP(O)(O)=O)[C@@H](O)[C@H]2O)C(=O)N1,1
237,-,CDP-ethanolamine,Pyrimidine ribonucleotides,445.0,,273,6.28,C11H20N4O11P2,HMDB0001564,HMDB0001564,CDP-ethanolamine,HMDB0001564,123727.0,16732.0,C00570,3538.0,NCCOP(O)(=O)OP(O)(=O)OC[C@H]1O[C@H]([C@H](O)[C@@H]1O)N1C=CC(N)=NC1=O,1
238,-,FMN,"Nucleosides, nucleotides, and analogues",455.0,,213,5.74,C17H21N4O9P1,HMDB0001520,HMDB0001520,Flavin mononucleotide,HMDB0001520,643976.0,17621.0,C00061,6295.0,CC1=CC2=C(C=C1C)N(C[C@H](O)[C@H](O)[C@H](O)COP(O)(O)=O)C1=NC(=O)NC(=O)C1=N2,1
239,-,cholesteryl sulfate,Cholestane steroids,465.2,,97,2.77,C27H46O4S1,HMDB0000653,HMDB0000653,Cholesterol sulfate,HMDB0000653,65076.0,41321.0,C18043,5625.0,[H][C@@]12CC[C@H]([C@H](C)CCCC(C)C)[C@@]1(C)CC[C@@]1([H])[C@@]2([H])CC=C2C[C@H](CC[C@]12C)OS(O)(=O)=O,1
240,-,dCTP,Pyrimidine deoxyribonucleotides,466.0,,159,7.39,C9H16N3O13P3,HMDB0000998,HMDB0000998,dCTP,HMDB0000998,65091.0,16311.0,C00458,5929.0,NC1=NC(=O)N(C=C1)[C@H]1C[C@H](O)[C@@H](COP(O)(=O)OP(O)(=O)OP(O)(O)=O)O1,1
241,-,dUTP,Pyrimidine deoxyribonucleotides,467.0,,159,8.24,C9H15N2O14P3,HMDB0001191,HMDB0001191,Deoxyuridine triphosphate,HMDB0001191,65070.0,17625.0,C00460,6069.0,O[C@H]1C[C@@H](O[C@@H]1COP(O)(=O)OP(O)(=O)OP(O)(O)=O)N1C=CC(=O)NC1=O,1
242,-,dTTP,Pyrimidine deoxyribonucleotides,481.0,,159,5.77,C10H17N2O14P3,HMDB0001342,HMDB0001342,Thymidine 5'-triphosphate,HMDB0001342,64968.0,18077.0,C00459,,CC1=CN([C@H]2C[C@H](O)[C@@H](COP(O)(=O)OP(O)(=O)OP(O)(O)=O)O2)C(=O)NC1=O,1
243,-,CTP,Carbohydrates and carbohydrate conjugates,482.0,,384,6.53,C9H16N3O14P3,HMDB0000082,HMDB0000082,Cytidine triphosphate,HMDB0000082,6176.0,17677.0,C00063,5136.0,NC1=NC(=O)N(C=C1)[C@@H]1O[C@H](COP(O)(=O)OP(O)(=O)OP(O)(O)=O)[C@@H](O)[C@H]1O,1
244,-,UTP,Pyrimidine ribonucleotides,483.0,,159,6.28,C9H15N2O15P3,HMDB0000285,HMDB0000285,Uridine triphosphate,HMDB0000285,6133.0,15713.0,C00075,5277.0,O[C@H]1[C@@H](O)[C@@H](O[C@@H]1COP(O)(=O)OP(O)(=O)OP(O)(O)=O)N1C=CC(=O)NC1=O,1
245,-,CDP-choline,Pyrimidine ribonucleotides,487.0,,428,6.26,C14H26N4O11P2,HMDB0001413,HMDB0001413,Citicoline,HMDB0001413,13805.0,49086.0,C00307,6229.0,C[N+](C)(C)CCOP(O)(=O)OP(O)(=O)OC[C@H]1O[C@H]([C@H](O)[C@@H]1O)N1C=CC(N)=NC1=O,1
246,-,dATP,Purine deoxyribonucleotides,490.0,,159,5.67,C10H16N5O12P3,HMDB0001532,HMDB0001532,Deoxyadenosine triphosphate,HMDB0001532,15993.0,16284.0,C00131,6303.0,NC1=NC=NC2=C1N=CN2[C@H]1C[C@H](O)[C@@H](COP(O)(=O)OP(O)(=O)OP(O)(O)=O)O1,1
247,-,Taurodeoxycholic acid,"Bile acids, alcohols and derivatives",498.2,,124,4.1,C26H45N1O6S1,HMDB0000896,HMDB0000896,Taurodeoxycholic acid,HMDB0000896,2733768.0,9410.0,C05463,5853.0,[H][C@@]1(CC[C@@]2([H])[C@]3([H])CC[C@]4([H])C[C@H](O)CC[C@]4(C)[C@@]3([H])C[C@H](O)[C@]12C)[C@H](C)CCC(=O)NCCS(O)(=O)=O,1
248,-,ATP,Purine ribonucleotides,506.1,,159,6.74,C10H16N5O13P3,HMDB0000538,HMDB0000538,Adenosine triphosphate,HMDB0000538,5957.0,15422.0,C00002,5523.0,NC1=NC=NC2=C1N=CN2[C@@H]1O[C@H](COP(O)(=O)OP(O)(=O)OP(O)(O)=O)[C@@H](O)[C@H]1O,1
249,-,dGTP,Purine deoxyribonucleotides,506.1,,159.0 (2),6.46,C10H16N5O13P3,HMDB0001440,HMDB0001440,dGTP,HMDB0001440,65103.0,16497.0,C00286,6248.0,NC1=NC2=C(N=CN2[C@H]2C[C@H](O)[C@@H](COP(O)(=O)OP(O)(=O)OP(O)(O)=O)O2)C(=O)N1,1
250,-,GTP,Purine ribonucleotides,522.0,,424,7.75,C10H16N5O14P3,HMDB0001273,HMDB0001273,Guanosine triphosphate,HMDB0001273,6830.0,15996.0,C00044,6128.0,NC1=NC2=C(N=CN2[C@@H]2O[C@H](COP(O)(=O)OP(O)(=O)OP(O)(O)=O)[C@@H](O)[C@H]2O)C(=O)N1,1
251,-,UDP-D-glucose,Pyrimidine nucleotide sugars,565.0,,323,6.2,C15H24N2O17P2,HMDB0000286,HMDB0000286,Uridine diphosphate glucose,HMDB0000286,8629.0,46229.0,C00029,5278.0,OC[C@H]1O[C@H](OP(O)(=O)OP(O)(=O)OC[C@H]2O[C@H]([C@H](O)[C@@H]2O)N2C=CC(=O)NC2=O)[C@H](O)[C@@H](O)[C@@H]1O,1
252,-,UDP-D-glucuronate,Pyrimidine nucleotide sugars,579.0,,403,6.27,C15H22N2O18P2,HMDB0000935,HMDB0000935,Uridine diphosphate glucuronic acid,HMDB0000935,17473.0,17200.0,C00167,5884.0,O[C@@H]1[C@@H](COP(O)(=O)OP(O)(=O)O[C@H]2O[C@@H]([C@@H](O)[C@H](O)[C@H]2O)C(O)=O)O[C@H]([C@@H]1O)N1C=CC(=O)NC1=O,1
253,-,ADP-D-glucose,Purine nucleotide sugars,588.0,,346,6.94,C16H25N5O15P2,HMDB0006557,HMDB0006557,ADP-glucose,HMDB0006557,16500.0,15751.0,C00498,,NC1=C2N=CN([C@@H]3O[C@H](COP(O)(=O)OP(O)(=O)O[C@H]4O[C@H](CO)[C@@H](O)[C@H](O)[C@H]4O)[C@@H](O)[C@H]3O)C2=NC=N1,1
254,-,"guanosine 5-diphosphate,3-diphosphate",Purine ribonucleotides,602.0,,504,6.96,C10H17N5O17P4,HMDB0059638,HMDB0059638,"Guanosine 3',5'-bis(diphosphate)",HMDB0059638,439450.0,17633.0,C01228,,[H][C@]1(COP(O)(=O)OP(O)(O)=O)O[C@@]([H])(N2C=NC3=C2NC(=N)N=C3O)[C@]([H])(O)[C@]1([H])OP(O)(=O)OP(O)(O)=O,1
255,-,UDP-N-acetyl-glucosamine,Pyrimidine nucleotide sugars,606.0,,385,6.12,C17H27N3O17P2,HMDB0000290,HMDB0000290,Uridine diphosphate-N-acetylglucosamine,HMDB0000290,445675.0,16264.0,C00043,5281.0,CC(=O)N[C@@H]1[C@@H](O)[C@H](O)[C@@H](CO)O[C@@H]1OP(O)(=O)OP(O)(=O)OC[C@H]1O[C@H]([C@H](O)[C@@H]1O)N1C=CC(=O)NC1=O,1
256,-,4-phosphopantothenate,"Amino acids, peptides, and analogues",298.1,,97,6.27,C9H18N1O8P1,HMDB0001016,HMDB0001016,D-4'-Phosphopantothenate,HMDB0001016,41635.0,15905.0,C03492,3427.0,CC(C)(COP(O)(O)=O)[C@@H](O)C(=O)NCCC(O)=O,1
257,-,dehydroascorbic acid,Gamma butyrolactones,173.0,,143,5.83,C6H6O6,HMDB0001264,HMDB0001264,Dehydroascorbic acid,HMDB0001264,440667.0,27956.0,C05422,342.0,[H][C@@]1(OC(=O)C(=O)C1=O)[C@@H](O)CO,1
258,-,3-hydroxybuterate,Beta hydroxy acids and derivatives,103.0,,59.1,6.09,C4H8O3,HMDB0000011,HMDB0000011,3-Hydroxybutyric acid,HMDB0000011,92135.0,17066.0,C01089,,C[C@@H](O)CC(O)=O,1
259,-,itaconic acid,Fatty acids and conjugates,129.1,,85.1,6.04,C5H6O4,HMDB0002092,HMDB0002092,Itaconic acid,HMDB0002092,811.0,30838.0,C00490,6483.0,OC(=O)CC(=C)C(O)=O,1
260,+,N-carbamoyl-L-aspartate,"Amino acids, peptides, and analogues",177.1,,74,7.43,C5H8N2O5,HMDB0000828,HMDB0000828,Ureidosuccinic acid,HMDB0000828,93072.0,15859.0,C00438,5791.0,NC(=O)N[C@@H](CC(O)=O)C(O)=O,1
261,-,N-carbamoyl-L-aspartate,"Amino acids, peptides, and analogues",175.0,,132.0 (2),6.11,C5H8N2O5,HMDB0000828,HMDB0000828,Ureidosuccinic acid,HMDB0000828,93072.0,15859.0,C00438,5791.0,NC(=O)N[C@@H](CC(O)=O)C(O)=O,1
262,+,glutathione,"Amino acids, peptides, and analogues",308.1,,162,6.12,C10H17N3O6S1,HMDB0062697,HMDB0062697,Glutathionate(1-),HMDB0062697,745.0,57925.0,C00051,,NC(CCC(O)=NC(CS)C(O)=NCC(O)=O)C(O)=O,1
263,-,glutathione,"Amino acids, peptides, and analogues",306.0,,143,6.14,C10H17N3O6S1,HMDB0062697,HMDB0062697,Glutathionate(1-),HMDB0062697,745.0,57925.0,C00051,,NC(CCC(O)=NC(CS)C(O)=NCC(O)=O)C(O)=O,1
264,+,dTMP,Pyrimidine deoxyribonucleotides,323.0,,81,5.83,C10H15N2O8P1,HMDB0001227,HMDB0001227,5-Thymidylic acid,HMDB0001227,9700.0,17013.0,C00364,6092.0,CC1=CN([C@H]2C[C@H](O)[C@@H](COP(O)(O)=O)O2)C(=O)NC1=O,1
265,-,dTMP,Pyrimidine deoxyribonucleotides,321.0,,195,6.16,C10H15N2O8P1,HMDB0001227,HMDB0001227,5-Thymidylic acid,HMDB0001227,9700.0,17013.0,C00364,6092.0,CC1=CN([C@H]2C[C@H](O)[C@@H](COP(O)(O)=O)O2)C(=O)NC1=O,1
266,+,glutathione disulfide,"Amino acids, peptides, and analogues",613.0,,231,6.35,C20H32N6O12S2,HMDB0003337,HMDB0003337,Oxidized glutathione,HMDB0003337,65359.0,17858.0,C00127,6893.0,N[C@@H](CCC(=O)N[C@@H](CSSC[C@H](NC(=O)CC[C@H](N)C(O)=O)C(=O)NCC(O)=O)C(=O)NCC(O)=O)C(O)=O,1
267,-,glutathione disulfide,"Amino acids, peptides, and analogues",611.0,,306,6.34,C20H32N6O12S2,HMDB0003337,HMDB0003337,Oxidized glutathione,HMDB0003337,65359.0,17858.0,C00127,6893.0,N[C@@H](CCC(=O)N[C@@H](CSSC[C@H](NC(=O)CC[C@H](N)C(O)=O)C(=O)NCC(O)=O)C(=O)NCC(O)=O)C(O)=O,1
268,+,NAD+,"Nucleosides, nucleotides, and analogues",664.1,,428,6.27,C21H27N7O14P2,HMDB0000902,HMDB0000902,NAD,HMDB0000902,5892.0,44215.0,C00003,5858.0,NC(=O)C1=C[N+](=CC=C1)[C@@H]1O[C@H](COP([O-])(=O)OP(O)(=O)OC[C@H]2O[C@H]([C@H](O)[C@@H]2O)N2C=NC3=C2N=CN=C3N)[C@@H](O)[C@H]1O,1
269,-,NAD+,"Nucleosides, nucleotides, and analogues",662.0,,540,6.24,C21H27N7O14P2,HMDB0000902,HMDB0000902,NAD,HMDB0000902,5892.0,44215.0,C00003,5858.0,NC(=O)C1=C[N+](=CC=C1)[C@@H]1O[C@H](COP([O-])(=O)OP(O)(=O)OC[C@H]2O[C@H]([C@H](O)[C@@H]2O)N2C=NC3=C2N=CN=C3N)[C@@H](O)[C@H]1O,1
270,+,NADH,"Nucleosides, nucleotides, and analogues",666.1,,514,6.02,C21H29N7O14P2,HMDB0001487,HMDB0001487,NADH,HMDB0001487,439153.0,16908.0,C00004,3687.0,NC(=O)C1=CN(C=CC1)[C@@H]1O[C@H](COP(O)(=O)OP(O)(=O)OC[C@H]2O[C@H]([C@H](O)[C@@H]2O)N2C=NC3=C2N=CN=C3N)[C@@H](O)[C@H]1O,1
271,-,NADH,"Nucleosides, nucleotides, and analogues",664.0,,408,6.0,C21H29N7O14P2,HMDB0001487,HMDB0001487,NADH,HMDB0001487,439153.0,16908.0,C00004,3687.0,NC(=O)C1=CN(C=CC1)[C@@H]1O[C@H](COP(O)(=O)OP(O)(=O)OC[C@H]2O[C@H]([C@H](O)[C@@H]2O)N2C=NC3=C2N=CN=C3N)[C@@H](O)[C@H]1O,1
272,+,dephospho-CoA,Purine ribonucleotides,688.0,,348,6.26,C21H35N7O13P2S1,HMDB0001373,HMDB0001373,Dephospho-CoA,HMDB0001373,444485.0,15468.0,C00882,3689.0,CC(C)(COP(O)(=O)OP(O)(=O)OC[C@H]1O[C@H]([C@H](O)[C@@H]1O)N1C=NC2=C1N=CN=C2N)[C@@H](O)C(=O)NCCC(=O)NCCS,1
273,-,dephospho-CoA,Purine ribonucleotides,686.2,,339,6.13,C21H35N7O13P2S1,HMDB0001373,HMDB0001373,Dephospho-CoA,HMDB0001373,444485.0,15468.0,C00882,3689.0,CC(C)(COP(O)(=O)OP(O)(=O)OC[C@H]1O[C@H]([C@H](O)[C@@H]1O)N1C=NC2=C1N=CN=C2N)[C@@H](O)C(=O)NCCC(=O)NCCS,1
274,+,NADP+,"Nucleosides, nucleotides, and analogues",744.2,,136,6.46,C21H28N7O17P3,HMDB0000217,HMDB0000217,NADP,HMDB0000217,5885.0,44409.0,C00006,5227.0,NC(=O)C1=C[N+](=CC=C1)[C@@H]1O[C@H](COP([O-])(=O)OP(O)(=O)OC[C@H]2O[C@H]([C@H](OP(O)(O)=O)[C@@H]2O)N2C=NC3=C2N=CN=C3N)[C@@H](O)[C@H]1O,1
275,-,NADP+,"Nucleosides, nucleotides, and analogues",742.0,,620,6.31,C21H28N7O17P3,HMDB0000217,HMDB0000217,NADP,HMDB0000217,5885.0,44409.0,C00006,5227.0,NC(=O)C1=C[N+](=CC=C1)[C@@H]1O[C@H](COP([O-])(=O)OP(O)(=O)OC[C@H]2O[C@H]([C@H](OP(O)(O)=O)[C@@H]2O)N2C=NC3=C2N=CN=C3N)[C@@H](O)[C@H]1O,1
276,+,NADPH,"Nucleosides, nucleotides, and analogues",746.2,,729,5.81,C21H30N7O17P3,HMDB0000221,HMDB0000221,NADPH,HMDB0000221,5884.0,16474.0,C00005,3691.0,NC(=O)C1=CN(C=CC1)[C@@H]1O[C@H](COP(O)(=O)OP(O)(=O)OC[C@H]2O[C@H]([C@H](OP(O)(O)=O)[C@@H]2O)N2C=NC3=C2N=CN=C3N)[C@@H](O)[C@H]1O,1
277,-,NADPH,"Nucleosides, nucleotides, and analogues",744.0,,408,6.13,C21H30N7O17P3,HMDB0000221,HMDB0000221,NADPH,HMDB0000221,5884.0,16474.0,C00005,3691.0,NC(=O)C1=CN(C=CC1)[C@@H]1O[C@H](COP(O)(=O)OP(O)(=O)OC[C@H]2O[C@H]([C@H](OP(O)(O)=O)[C@@H]2O)N2C=NC3=C2N=CN=C3N)[C@@H](O)[C@H]1O,1
