"","category","subcategory","ID","Description","GeneRatio","BgRatio","pvalue","p.adjust","qvalue","geneID","Count","FoldEnrich","symbol","comporison"
"hsa04070","Environmental Information Processing","Signal transduction","hsa04070","Phosphatidylinositol signaling system","28/242","98/8626",3.37139877968133e-21,8.79935081496827e-19,6.10400621163356e-19,"5286/1606/3632/51447/5289/8898/8760/9110/5290/5335/9107/5298/8394/5295/8525/5331/5305/55361/8867/3636/4534/5728/9807/23236/23396/22876/22908/8396",28,10.1841794569067,"PIK3C2A/DGKA/INPP5A/IP6K2/PIK3C3/MTMR2/CDS2/MTMR4/PIK3CA/PLCG1/MTMR6/PI4KB/PIP5K1A/PIK3R1/DGKZ/PLCB3/PIP4K2A/PI4K2A/SYNJ1/INPPL1/MTM1/PTEN/IP6K1/PLCB1/PIP5K1C/INPP5F/SACM1L/PIP4K2B","II"
"hsa00562","Metabolism","Carbohydrate metabolism","hsa00562","Inositol phosphate metabolism","23/242","73/8626",1.1631550789463e-18,1.51791737802492e-16,1.05296143988823e-16,"5286/3632/5289/8898/9110/9896/5290/5335/9107/5298/8394/5331/5305/55361/8867/3636/4534/5728/23236/23396/22876/22908/8396",23,11.2304992641232,"PIK3C2A/INPP5A/PIK3C3/MTMR2/MTMR4/FIG4/PIK3CA/PLCG1/MTMR6/PI4KB/PIP5K1A/PLCB3/PIP4K2A/PI4K2A/SYNJ1/INPPL1/MTM1/PTEN/PLCB1/PIP5K1C/INPP5F/SACM1L/PIP4K2B","II"
"hsa00564","Metabolism","Lipid metabolism","hsa00564","Glycerophospholipid metabolism","21/242","103/8626",5.69074230703346e-13,4.95094580711911e-11,3.43441290108686e-11,"1606/5337/54675/1120/8760/1119/56994/10162/8443/57678/10434/81579/79143/56261/5338/10390/8525/55326/142891/2819/3931",21,7.26735136002568,"DGKA/PLD1/CRLS1/CHKB/CDS2/CHKA/CHPT1/LPCAT3/GNPAT/GPAM/LYPLA1/PLA2G12A/MBOAT7/GPCPD1/PLD2/CEPT1/DGKZ/AGPAT5/SAMD8/GPD1/LCAT","II"
"hsa01212","Metabolism","Global and overview maps","hsa01212","Fatty acid metabolism","15/242","57/8626",2.6309949710781e-11,1.71672421862846e-09,1.19087140796167e-09,"2182/1374/34/83401/2181/3295/9415/3033/84869/54995/51/10449/197322/36/54898",15,9.3801652892562,"ACSL4/CPT1A/ACADM/ELOVL3/ACSL3/HSD17B4/FADS2/HADH/CBR4/OXSM/ACOX1/ACAA2/ACSF3/ACADSB/ELOVL2","II"
"hsa00563","Metabolism","Glycan biosynthesis and metabolism","hsa00563","Glycosylphosphatidylinositol (GPI)-anchor biosynthesis","11/242","30/8626",2.30604240549761e-10,1.20375413566975e-08,8.35030092095976e-09,"9091/9488/9487/10026/93183/5281/54965/84720/51227/80055/23556",11,13.069696969697,"PIGQ/PIGB/PIGL/PIGK/PIGM/PIGF/PIGX/PIGO/PIGP/PGAP1/PIGN","II"
"hsa00071","Metabolism","Lipid metabolism","hsa00071","Fatty acid degradation","12/242","43/8626",1.2855295783498e-09,5.59205366582164e-08,3.87914188554677e-08,"2182/224/2639/1374/34/2181/3033/113612/51/10449/36/128",12,9.94733807418797,"ACSL4/ALDH3A2/GCDH/CPT1A/ACADM/ACSL3/HADH/CYP2U1/ACOX1/ACAA2/ACADSB/ADH5","II"
"hsa03320","Organismal Systems","Endocrine system","hsa03320","PPAR signaling pathway","15/242","76/8626",2.1060343032727e-09,7.85249933077393e-08,5.44718646861511e-08,"2182/10580/1374/34/2181/376497/9415/948/2169/51/2173/8309/2167/5465/440503",15,7.03512396694215,"ACSL4/SORBS1/CPT1A/ACADM/ACSL3/SLC27A1/FADS2/CD36/FABP2/ACOX1/FABP7/ACOX2/FABP4/PPARA/PLIN5","II"
"hsa04146","Cellular Processes","Transport and catabolism","hsa04146","Peroxisome","15/242","82/8626",6.35940048039383e-09,1.98967924112502e-07,1.38021709809842e-07,"54677/2182/10005/23417/8443/5825/2053/2181/26061/3295/283927/51/5194/8309/225",15,6.52035879862931,"CROT/ACSL4/ACOT8/MLYCD/GNPAT/ABCD3/EPHX2/ACSL3/HACL1/HSD17B4/NUDT7/ACOX1/PEX13/ACOX2/ABCD2","II"
"hsa04071","Environmental Information Processing","Signal transduction","hsa04071","Sphingolipid signaling pathway","18/242","122/8626",6.86096290043111e-09,1.98967924112502e-07,1.38021709809842e-07,"8439/7132/5337/427/1432/5290/5338/8560/5295/5331/134/8879/6609/5581/5728/340485/23236/56624",18,5.259043490042,"NSMAF/TNFRSF1A/PLD1/ASAH1/MAPK14/PIK3CA/PLD2/DEGS1/PIK3R1/PLCB3/ADORA1/SGPL1/SMPD1/PRKCE/PTEN/ACER2/PLCB1/ASAH2","II"
"hsa05231","Human Diseases","Cancer: overview","hsa05231","Choline metabolism in cancer","16/242","99/8626",1.27376569575527e-08,3.32452846592125e-07,2.3061863123148e-07,"1606/5337/1120/1119/56994/5159/10434/5290/5335/56261/5338/8394/5295/8525/23396/2475",16,5.76074797562401,"DGKA/PLD1/CHKB/CHKA/CHPT1/PDGFRB/LYPLA1/PIK3CA/PLCG1/GPCPD1/PLD2/PIP5K1A/PIK3R1/DGKZ/PIP5K1C/MTOR","II"
"hsa00600","Metabolism","Lipid metabolism","hsa00600","Sphingolipid metabolism","12/242","54/8626",2.18578305839393e-08,5.1862670749165e-07,3.59765249802637e-07,"2581/57704/55331/427/2583/8560/10825/8879/6609/340485/56624/2760",12,7.92102846648301,"GALC/GBA2/ACER3/ASAH1/B4GALNT1/DEGS1/NEU3/SGPL1/SMPD1/ACER2/ASAH2/GM2A","II"
"hsa04931","Human Diseases","Endocrine and metabolic disease","hsa04931","Insulin resistance","16/242","109/8626",5.23286937149929e-08,1.1381490883011e-06,7.89520642015683e-07,"7132/32/51422/1374/5290/376497/5562/948/5295/8473/3667/5581/5728/5571/5465/2475",16,5.23223898703465,"TNFRSF1A/ACACB/PRKAG2/CPT1A/PIK3CA/SLC27A1/PRKAA1/CD36/PIK3R1/OGT/IRS1/PRKCE/PTEN/PRKAG1/PPARA/MTOR","II"
"hsa04936","Human Diseases","Endocrine and metabolic disease","hsa04936","Alcoholic liver disease","17/242","142/8626",4.16165448186052e-07,8.35532169050458e-06,5.79598842817821e-06,"7132/224/32/23411/23417/51422/5608/1374/1432/34/718/5562/51/5571/5465/128/9641",17,4.2673146315912,"TNFRSF1A/ALDH3A2/ACACB/SIRT1/MLYCD/PRKAG2/MAP2K6/CPT1A/MAPK14/ACADM/C3/PRKAA1/ACOX1/PRKAG1/PPARA/ADH5/IKBKE","II"
"hsa04920","Organismal Systems","Endocrine system","hsa04920","Adipocytokine signaling pathway","12/242","70/8626",4.55286979895987e-07,8.48785012520375e-06,5.88792184527141e-06,"7132/2182/32/51422/1374/2181/5562/948/3667/5571/5465/2475",12,6.11050767414404,"TNFRSF1A/ACSL4/ACACB/PRKAG2/CPT1A/ACSL3/PRKAA1/CD36/IRS1/PRKAG1/PPARA/MTOR","II"
"hsa00565","Metabolism","Lipid metabolism","hsa00565","Ether lipid metabolism","10/242","50/8626",9.60714718423829e-07,1.67164361005746e-05,1.15959951978174e-05,"5048/5337/5050/56994/81579/5338/10390/5168/7941/5049",10,7.12892561983471,"PAFAH1B1/PLD1/PAFAH1B3/CHPT1/PLA2G12A/PLD2/CEPT1/ENPP2/PLA2G7/PAFAH1B2","II"
"hsa04072","Environmental Information Processing","Signal transduction","hsa04072","Phospholipase D signaling pathway","16/242","148/8626",3.61083714872332e-06,5.89017809885491e-05,4.08594729987112e-05,"1606/5337/5159/5290/5335/5338/8394/5295/8525/5331/55326/3815/552/23236/23396/2475",16,3.85347330801876,"DGKA/PLD1/PDGFRB/PIK3CA/PLCG1/PLD2/PIP5K1A/PIK3R1/DGKZ/PLCB3/AGPAT5/KIT/AVPR1A/PLCB1/PIP5K1C/MTOR","II"
"hsa04923","Organismal Systems","Endocrine system","hsa04923","Regulation of lipolysis in adipocytes","10/242","59/8626",4.70696055217054e-06,7.22656884774418e-05,5.01298585122807e-05,"51099/3991/5290/5295/5140/134/3667/2167/57104/63924",10,6.04146238969043,"ABHD5/LIPE/PIK3CA/PIK3R1/PDE3B/ADORA1/IRS1/FABP4/PNPLA2/CIDEC","II"
"hsa00061","Metabolism","Lipid metabolism","hsa00061","Fatty acid biosynthesis","6/242","18/8626",6.41004328367486e-06,9.29456276132855e-05,6.44752891691273e-05,"2182/32/2181/84869/54995/197322",6,11.8815426997245,"ACSL4/ACACB/ACSL3/CBR4/OXSM/ACSF3","II"
"hsa04152","Environmental Information Processing","Signal transduction","hsa04152","AMPK signaling pathway","14/242","122/8626",7.41163865149126e-06,0.000101812509896801,7.0626141166565e-05,"3479/32/3991/23411/23417/51422/1374/5290/5562/948/5295/3667/5571/2475",14,4.09036715892156,"IGF1/ACACB/LIPE/SIRT1/MLYCD/PRKAG2/CPT1A/PIK3CA/PRKAA1/CD36/PIK3R1/IRS1/PRKAG1/MTOR","II"
"hsa04140","Cellular Processes","Transport and catabolism","hsa04140","Autophagy - animal","16/242","169/8626",1.98756292677443e-05,0.000259376961944063,0.000179926749160633,"81671/55102/5289/51100/9110/23130/5290/22863/5562/5295/3667/5728/9451/30849/10533/2475",16,3.37463934666732,"VMP1/ATG2B/PIK3C3/SH3GLB1/MTMR4/ATG2A/PIK3CA/ATG14/PRKAA1/PIK3R1/IRS1/PTEN/EIF2AK3/PIK3R4/ATG7/MTOR","II"
"hsa04917","Organismal Systems","Endocrine system","hsa04917","Prolactin signaling pathway","10/242","71/8626",2.57470345625983e-05,0.00031999885813515,0.000221979445852978,"2099/1432/5290/6776/5295/1586/9306/9655/6777/122809",10,5.02037015481318,"ESR1/MAPK14/PIK3CA/STAT5A/PIK3R1/CYP17A1/SOCS6/SOCS5/STAT5B/SOCS4","II"
"hsa02010","Environmental Information Processing","Membrane transport","hsa02010","ABC transporters","8/242","45/8626",3.00077283869682e-05,0.000347708652222044,0.000241201404243563,"10347/20/8714/5825/9429/23460/9619/225",8,6.33682277318641,"ABCA7/ABCA2/ABCC3/ABCD3/ABCG2/ABCA6/ABCG1/ABCD2","II"
"hsa04910","Organismal Systems","Endocrine system","hsa04910","Insulin signaling pathway","14/242","138/8626",3.06409923414062e-05,0.000347708652222044,0.000241201404243563,"3632/32/3991/10580/51422/5290/5562/5295/5140/3636/3667/122809/5571/2475",14,3.61612169122051,"INPP5A/ACACB/LIPE/SORBS1/PRKAG2/PIK3CA/PRKAA1/PIK3R1/PDE3B/INPPL1/IRS1/SOCS4/PRKAG1/MTOR","II"
"hsa04919","Organismal Systems","Endocrine system","hsa04919","Thyroid hormone signaling pathway","13/242","122/8626",3.5110607137364e-05,0.000381827852618834,0.000264869492439764,"2099/8850/5290/5335/7067/3685/10499/9611/5295/5331/23236/2475/3690",13,3.79819807614144,"ESR1/KAT2B/PIK3CA/PLCG1/THRA/ITGAV/NCOA2/NCOR1/PIK3R1/PLCB3/PLCB1/MTOR/ITGB3","II"
"hsa04213","Organismal Systems","Aging","hsa04213","Longevity regulating pathway - multiple species","9/242","61/8626",4.50383525655685e-05,0.000470200400784535,0.000326172490159065,"3479/23411/51422/5290/5562/5295/3667/5571/2475",9,5.259043490042,"IGF1/SIRT1/PRKAG2/PIK3CA/PRKAA1/PIK3R1/IRS1/PRKAG1/MTOR","II"
"hsa00561","Metabolism","Lipid metabolism","hsa00561","Glycerolipid metabolism","9/242","64/8626",6.64764320933409e-05,0.000667321106783153,0.000462912806479945,"1606/224/80339/57678/8525/55326/3990/57104/8694",9,5.01252582644628,"DGKA/ALDH3A2/PNPLA3/GPAM/DGKZ/AGPAT5/LIPC/PNPLA2/DGAT1","II"
"hsa04935","Organismal Systems","Endocrine system","hsa04935","Growth hormone synthesis, secretion and action","12/242","122/8626",0.000152885964246762,0.00147789765438537,0.00102520022808745,"3479/5608/1432/5290/5335/6776/5295/5331/3667/6777/23236/2475",12,3.50602899336133,"IGF1/MAP2K6/MAPK14/PIK3CA/PLCG1/STAT5A/PIK3R1/PLCB3/IRS1/STAT5B/PLCB1/MTOR","II"
"hsa04922","Organismal Systems","Endocrine system","hsa04922","Glucagon signaling pathway","11/242","107/8626",0.000194473624879857,0.00181277200334438,0.00125749862704268,"32/23411/51422/1374/5562/5331/5140/23235/5571/23236/5465",11,3.66440101954121,"ACACB/SIRT1/PRKAG2/CPT1A/PRKAA1/PLCB3/PDE3B/SIK2/PRKAG1/PLCB1/PPARA","II"
"hsa04136","Cellular Processes","Transport and catabolism","hsa04136","Autophagy - other","6/242","32/8626",0.000224993218349007,0.00202493896514107,0.00140467635412084,"55102/5289/23130/30849/10533/2475",6,6.68336776859504,"ATG2B/PIK3C3/ATG2A/PIK3R4/ATG7/MTOR","II"
"hsa04710","Organismal Systems","Environmental adaptation","hsa04710","Circadian rhythm","6/242","34/8626",0.000318605592968299,0.0027718686588242,0.00192281270142272,"51422/1408/5562/6097/9975/5571",6,6.29022848808945,"PRKAG2/CRY2/PRKAA1/RORC/NR1D2/PRKAG1","II"
"hsa00280","Metabolism","Amino acid metabolism","hsa00280","Valine, leucine and isoleucine degradation","7/242","48/8626",0.000345831424990442,0.00291167748137114,0.00201979643797474,"224/34/3033/10449/5095/197322/36",7,5.19817493112948,"ALDH3A2/ACADM/HADH/ACAA2/PCCA/ACSF3/ACADSB","II"
"hsa04750","Organismal Systems","Sensory system","hsa04750","Inflammatory mediator regulation of TRP channels","10/242","99/8626",0.000437154307690649,0.00356553982210185,0.00247337305667078,"3479/5608/1432/5290/5335/5295/5331/5581/5029/23236",10,3.60046748476501,"IGF1/MAP2K6/MAPK14/PIK3CA/PLCG1/PIK3R1/PLCB3/PRKCE/P2RY2/PLCB1","II"
"hsa04979","Organismal Systems","Digestive system","hsa04979","Cholesterol metabolism","7/242","51/8626",0.000506296405243911,0.00400434429602002,0.0027777665614658,"337/4035/9217/27329/948/3990/3931",7,4.89239993518068,"APOA4/LRP1/VAPB/ANGPTL3/CD36/LIPC/LCAT","II"
"hsa00062","Metabolism","Lipid metabolism","hsa00062","Fatty acid elongation","5/242","27/8626",0.000811851126559797,0.00605408982948877,0.00419965094039955,"83401/3033/117145/10449/54898",5,6.60085705540251,"ELOVL3/HADH/THEM4/ACAA2/ELOVL2","II"
"hsa01040","Metabolism","Lipid metabolism","hsa01040","Biosynthesis of unsaturated fatty acids","5/242","27/8626",0.000811851126559797,0.00605408982948877,0.00419965094039955,"83401/3295/9415/51/54898",5,6.60085705540251,"ELOVL3/HSD17B4/FADS2/ACOX1/ELOVL2","II"
"hsa04211","Organismal Systems","Aging","hsa04211","Longevity regulating pathway","9/242","89/8626",0.000835182791131323,0.0060550752357021,0.0042003345051049,"3479/23411/51422/5290/5562/5295/3667/5571/2475",9,3.60451295384901,"IGF1/SIRT1/PRKAG2/PIK3CA/PRKAA1/PIK3R1/IRS1/PRKAG1/MTOR","II"
"hsa04975","Organismal Systems","Digestive system","hsa04975","Fat digestion and absorption","6/242","42/8626",0.00103044063006699,0.00726878390398607,0.00504226993944587,"337/81579/376497/948/2169/8694",6,5.09208972845336,"APOA4/PLA2G12A/SLC27A1/CD36/FABP2/DGAT1","II"
"hsa00120","Metabolism","Lipid metabolism","hsa00120","Primary bile acid biosynthesis","4/242","17/8626",0.0010781240482864,0.00740500991059872,0.0051367683187053,"10005/3295/51302/8309",4,8.3869713174526,"ACOT8/HSD17B4/CYP39A1/ACOX2","II"
"hsa04068","Environmental Information Processing","Signal transduction","hsa04068","FoxO signaling pathway","11/242","132/8626",0.00117490311292628,0.00786281314035282,0.00545434103706669,"3479/23411/51422/1432/5290/5562/116986/5295/3667/5728/5571",11,2.97038567493113,"IGF1/SIRT1/PRKAG2/MAPK14/PIK3CA/PRKAA1/AGAP2/PIK3R1/IRS1/PTEN/PRKAG1","II"
"hsa04148","Cellular Processes","Transport and catabolism","hsa04148","Efferocytosis","12/242","157/8626",0.0015104426819322,0.00984773586322656,0.00683125859437373,"23250/23411/286410/1374/1432/4035/948/3685/5029/196527/389668/3690",12,2.72443017318524,"ATP11A/SIRT1/ATP11C/CPT1A/MAPK14/LRP1/CD36/ITGAV/P2RY2/ANO6/XKR9/ITGB3","II"
"hsa04666","Organismal Systems","Immune system","hsa04666","Fc gamma R-mediated phagocytosis","9/242","97/8626",0.00154696233866777,0.00984773586322656,0.00683125859437373,"5337/5290/5335/5338/8394/5295/3636/5581/23396",9,3.30723353497487,"PLD1/PIK3CA/PLCG1/PLD2/PIP5K1A/PIK3R1/INPPL1/PRKCE/PIP5K1C","II"
"hsa04371","Environmental Information Processing","Signal transduction","hsa04371","Apelin signaling pathway","11/242","139/8626",0.001786216721913,0.0109658843873095,0.00760690508012594,"5289/3991/51422/5562/5331/5140/5581/5571/23236/30849/2475",11,2.82079790712884,"PIK3C3/LIPE/PRKAG2/PRKAA1/PLCB3/PDE3B/PRKCE/PRKAG1/PLCB1/PIK3R4/MTOR","II"
"hsa00640","Metabolism","Carbohydrate metabolism","hsa00640","Propanoate metabolism","5/242","32/8626",0.00180663995652991,0.0109658843873095,0.00760690508012594,"32/23417/55902/51/5095",5,5.56947314049587,"ACACB/MLYCD/ACSS2/ACOX1/PCCA","II"
"hsa04930","Human Diseases","Endocrine and metabolic disease","hsa04930","Type II diabetes mellitus","6/242","47/8626",0.00187690030367452,0.0109713762354415,0.00761071471061076,"5290/5295/3667/5581/122809/2475",6,4.55037805521365,"PIK3CA/PIK3R1/IRS1/PRKCE/SOCS4/MTOR","II"
"hsa05418","Human Diseases","Cardiovascular disease","hsa05418","Fluid shear stress and atherosclerosis","11/242","140/8626",0.0018916165923175,0.0109713762354415,0.00761071471061076,"7132/2950/5608/1432/5290/5562/3685/4259/5295/2948/3690",11,2.80064935064935,"TNFRSF1A/GSTP1/MAP2K6/MAPK14/PIK3CA/PRKAA1/ITGAV/MGST3/PIK3R1/GSTM4/ITGB3","II"
"hsa04933","Human Diseases","Endocrine and metabolic disease","hsa04933","AGE-RAGE signaling pathway in diabetic complications","9/242","101/8626",0.00205201212943435,0.0116429383865732,0.00807656947969584,"1432/5290/5335/6776/5295/5331/5581/6777/23236",9,3.17625398903527,"MAPK14/PIK3CA/PLCG1/STAT5A/PIK3R1/PLCB3/PRKCE/STAT5B/PLCB1","II"
"hsa00982","Metabolism","Xenobiotics biodegradation and metabolism","hsa00982","Drug metabolism - cytochrome P450","7/242","67/8626",0.00260183230995026,0.0144484730403621,0.0100227358860346,"2326/2329/2950/2327/4259/2948/128",7,3.72406562230171,"FMO1/FMO4/GSTP1/FMO2/MGST3/GSTM4/ADH5","II"
"hsa05417","Human Diseases","Cardiovascular disease","hsa05417","Lipid and atherosclerosis","14/242","214/8626",0.00276164732802926,0.0150164573461591,0.0104167399215139,"7132/5608/337/1432/5290/5335/948/1543/5295/5331/9619/9451/23236/9641",14,2.33189155788986,"TNFRSF1A/MAP2K6/APOA4/MAPK14/PIK3CA/PLCG1/CD36/CYP1A1/PIK3R1/PLCB3/ABCG1/EIF2AK3/PLCB1/IKBKE","II"
"hsa05214","Human Diseases","Cancer: specific types","hsa05214","Glioma","7/242","76/8626",0.0052890059315996,0.0281720520030101,0.0195426212725055,"3479/5159/5290/5335/5295/5728/2475",7,3.28305785123967,"IGF1/PDGFRB/PIK3CA/PLCG1/PIK3R1/PTEN/MTOR","II"
"hsa00650","Metabolism","Carbohydrate metabolism","hsa00650","Butanoate metabolism","4/242","27/8626",0.00638134018538466,0.0333105957677079,0.0231071686712876,"6296/3033/116285/54988",4,5.28068564432201,"ACSM3/HADH/ACSM1/ACSM5","II"
"hsa05207","Human Diseases","Cancer: overview","hsa05207","Chemical carcinogenesis - receptor activation","13/242","212/8626",0.00664635994921332,0.034013724445974,0.0235949207691371,"2099/196/2053/5290/6776/1543/4259/5295/2948/6777/5465/2475/9641",13,2.18575549664743,"ESR1/AHR/EPHX2/PIK3CA/STAT5A/CYP1A1/MGST3/PIK3R1/GSTM4/STAT5B/PPARA/MTOR/IKBKE","II"
"hsa01521","Human Diseases","Drug resistance: antineoplastic","hsa01521","EGFR tyrosine kinase inhibitor resistance","7/242","80/8626",0.00699491569714295,0.0351090960952752,0.0243547672046273,"3479/5159/5290/5335/5295/5728/2475",7,3.11890495867769,"IGF1/PDGFRB/PIK3CA/PLCG1/PIK3R1/PTEN/MTOR","II"
"hsa05017","Human Diseases","Neurodegenerative disease","hsa05017","Spinocerebellar ataxia","10/242","144/8626",0.00720126608507031,0.0354628386453463,0.0246001542528718,"55102/5289/23130/5290/22863/5295/5331/23236/30849/2475",10,2.47532139577594,"ATG2B/PIK3C3/ATG2A/PIK3CA/ATG14/PIK3R1/PLCB3/PLCB1/PIK3R4/MTOR","II"
"hsa04630","Environmental Information Processing","Signal transduction","hsa04630","JAK-STAT signaling pathway","11/242","168/8626",0.00759621095219137,0.0367150196022583,0.0254687774615383,"5159/5290/6776/3572/5295/9306/9655/6777/5771/122809/2475",11,2.33387445887446,"PDGFRB/PIK3CA/STAT5A/IL6ST/PIK3R1/SOCS6/SOCS5/STAT5B/PTPN2/SOCS4/MTOR","II"
"hsa05224","Human Diseases","Cancer: specific types","hsa05224","Breast cancer","10/242","148/8626",0.00867359253428359,0.0411601391172366,0.0285523046104646,"672/3479/4040/2099/5290/5295/3815/5728/8322/2475",10,2.40842081751173,"BRCA1/IGF1/LRP6/ESR1/PIK3CA/PIK3R1/KIT/PTEN/FZD4/MTOR","II"
"hsa05167","Human Diseases","Infectious disease: viral","hsa05167","Kaposi sarcoma-associated herpesvirus infection","12/242","196/8626",0.00907122585395411,0.0419312798704677,0.0290872358851399,"7132/5289/5608/1432/5290/5335/718/22863/3572/5295/2475/9641",12,2.18232416933716,"TNFRSF1A/PIK3C3/MAP2K6/MAPK14/PIK3CA/PLCG1/C3/ATG14/IL6ST/PIK3R1/MTOR/IKBKE","II"
"hsa04659","Organismal Systems","Immune system","hsa04659","Th17 cell differentiation","8/242","105/8626",0.00919327960183156,0.0419312798704677,0.0290872358851399,"196/1432/5335/6776/3572/6097/6777/2475",8,2.71578118850846,"AHR/MAPK14/PLCG1/STAT5A/IL6ST/RORC/STAT5B/MTOR","II"
"hsa00430","Metabolism","Metabolism of other amino acids","hsa00430","Taurine and hypotaurine metabolism","3/242","16/8626",0.00931806219343727,0.0419312798704677,0.0290872358851399,"2326/2329/2327",3,6.68336776859504,"FMO1/FMO4/FMO2","II"
"hsa05131","Human Diseases","Infectious disease: bacterial","hsa05131","Shigellosis","14/242","249/8626",0.0103219472331284,0.045661495387229,0.0316748425352022,"7132/5289/1432/5290/5335/718/22863/5295/5331/824/5581/23236/30849/2475",14,2.00411563609811,"TNFRSF1A/PIK3C3/MAPK14/PIK3CA/PLCG1/C3/ATG14/PIK3R1/PLCB3/CAPN2/PRKCE/PLCB1/PIK3R4/MTOR","II"
"hsa04973","Organismal Systems","Digestive system","hsa04973","Carbohydrate digestion and absorption","5/242","48/8626",0.0106895445005126,0.0459392624917744,0.0318675263100834,"5290/2542/5295/5331/23236",5,3.71298209366391,"PIK3CA/SLC37A4/PIK3R1/PLCB3/PLCB1","II"
"hsa04932","Human Diseases","Endocrine and metabolic disease","hsa04932","Non-alcoholic fatty liver disease","10/242","153/8626",0.0108272774207937,0.0459392624917744,0.0318675263100834,"7132/51422/1432/5290/5562/5295/3667/9451/5571/5465",10,2.32971425484794,"TNFRSF1A/PRKAG2/MAPK14/PIK3CA/PRKAA1/PIK3R1/IRS1/EIF2AK3/PRKAG1/PPARA","II"
"hsa00440","Metabolism","Metabolism of other amino acids","hsa00440","Phosphonate and phosphinate metabolism","2/242","6/8626",0.010912774998046,0.0459392624917744,0.0318675263100834,"56994/10390",2,11.8815426997245,"CHPT1/CEPT1","II"
"hsa05221","Human Diseases","Cancer: specific types","hsa05221","Acute myeloid leukemia","6/242","68/8626",0.0117600967308675,0.0487204007421655,0.0337967692181991,"5290/6776/5295/3815/6777/2475",6,3.14511424404473,"PIK3CA/STAT5A/PIK3R1/KIT/STAT5B/MTOR","II"
"hsa049791","Organismal Systems","Digestive system","hsa04979","Cholesterol metabolism","31/334","51/8626",1.63310596371826e-31,4.70334517550858e-29,3.36935546198714e-29,"949/8647/338/350/706/5360/9218/9388/3988/345/335/10577/3949/348/341/10948/1593/27141/64240/4864/64241/57552/26119/336/19/51129/8435/1581/255738/4023/344",31,15.6983679699425,"SCARB1/ABCB11/APOB/APOH/TSPO/PLTP/VAPA/LIPG/LIPA/APOC3/APOA1/NPC2/LDLR/APOE/APOC1/STARD3/CYP27A1/CIDEB/ABCG5/NPC1/ABCG8/NCEH1/LDLRAP1/APOA2/ABCA1/ANGPTL4/SOAT2/CYP7A1/PCSK9/LPL/APOC2","I"
"hsa033201","Organismal Systems","Endocrine system","hsa03320","PPAR signaling pathway","29/334","76/8626",5.36721607649638e-22,7.72879115015478e-20,5.536707110491e-20,"10062/10998/8310/5106/5360/116519/345/5467/1962/33/6342/335/5105/5468/1593/11001/123/2180/1622/1376/336/2168/2171/10999/51129/1581/4023/1582/51703",29,9.85479041916168,"NR1H3/SLC27A5/ACOX3/PCK2/PLTP/APOA5/APOC3/PPARD/EHHADH/ACADL/SCP2/APOA1/PCK1/PPARG/CYP27A1/SLC27A2/PLIN2/ACSL1/DBI/CPT2/APOA2/FABP1/FABP5/SLC27A4/ANGPTL4/CYP7A1/LPL/CYP8B1/ACSL5","I"
"hsa012121","Metabolism","Global and overview maps","hsa01212","Fatty acid metabolism","25/334","57/8626",6.6294058666813e-21,6.36422963201405e-19,4.55917035041942e-19,"60481/64834/37/38/3030/8310/9524/27349/1962/33/6342/51102/39/35/1892/5538/3032/51144/3992/2180/1376/2194/79071/51703/31",25,11.3273453093812,"ELOVL5/ELOVL1/ACADVL/ACAT1/HADHA/ACOX3/TECR/MCAT/EHHADH/ACADL/SCP2/MECR/ACAT2/ACADS/ECHS1/PPT1/HADHB/HSD17B12/FADS1/ACSL1/CPT2/FASN/ELOVL6/ACSL5/ACACA","I"
"hsa049311","Human Diseases","Endocrine and metabolic disease","hsa04931","Insulin resistance","29/334","109/8626",4.67105076085883e-17,3.36315654781836e-15,2.40927881349561e-15,"51085/10062/5601/5291/6720/10998/5106/4792/57761/208/5296/6198/6945/4790/10891/5564/6513/1385/5105/7376/183/11001/207/5563/5580/10999/5781/9021/8660",29,6.87123001703016,"MLXIPL/NR1H3/MAPK9/PIK3CB/SREBF1/SLC27A5/PCK2/NFKBIA/TRIB3/AKT2/PIK3R2/RPS6KB1/MLX/NFKB1/PPARGC1A/PRKAB1/SLC2A1/CREB1/PCK1/NR1H2/AGT/SLC27A2/AKT1/PRKAA2/PRKCD/SLC27A4/PTPN11/SOCS3/IRS2","I"
"hsa041461","Cellular Processes","Transport and catabolism","hsa04146","Peroxisome","24/334","82/8626",2.40846715893109e-15,1.38727708354431e-13,9.93809606632618e-14,"8310/1384/10478/54363/215/1891/5264/5191/1962/55825/6342/5826/847/570/3417/5830/11001/6647/2180/51703/10455/390916/23600/26063",24,7.5589309186505,"ACOX3/CRAT/SLC25A17/HAO1/ABCD1/ECH1/PHYH/PEX7/EHHADH/PECR/SCP2/ABCD4/CAT/BAAT/IDH1/PEX5/SLC27A2/SOD1/ACSL1/ACSL5/ECI2/NUDT19/AMACR/DECR2","I"
"hsa005641","Metabolism","Lipid metabolism","hsa00564","Glycerophospholipid metabolism","26/334","103/8626",8.33386144046799e-15,4.00025349142463e-13,2.86567867075741e-13,"11313/10908/8527/9489/9663/23659/10423/9926/375775/64900/10400/23175/84647/55500/55224/51365/1609/9791/5130/10555/253558/81490/8398/5833/10554/23761",26,6.51927213534097,"LYPLA2/PNPLA6/DGKD/PGS1/LPIN2/PLA2G15/CDIPT/LPGAT1/PNPLA7/LPIN3/PEMT/LPIN1/PLA2G12B/ETNK1/ETNK2/PLA1A/DGKQ/PTDSS1/PCYT1A/AGPAT2/LCLAT1/PTDSS2/PLA2G6/PCYT2/AGPAT1/PISD","I"
"hsa000711","Metabolism","Lipid metabolism","hsa00071","Fatty acid degradation","17/334","43/8626",1.11370387674954e-13,4.58209595005524e-12,3.28249563673548e-12,"37/38/3030/8310/1962/33/39/35/1892/3032/2180/1376/1632/131/51703/127/10455",17,10.2104163765492,"ACADVL/ACAT1/HADHA/ACOX3/EHHADH/ACADL/ACAT2/ACADS/ECHS1/HADHB/ACSL1/CPT2/ECI1/ADH7/ACSL5/ADH4/ECI2","I"
"hsa000621","Metabolism","Lipid metabolism","hsa00062","Fatty acid elongation","14/334","27/8626",1.65514037869627e-13,5.95850536330658e-12,4.26851992400618e-12,"60481/64834/3030/11332/9524/51102/10965/1892/5538/3032/51144/79071/122970/641371",14,13.3914393435352,"ELOVL5/ELOVL1/HADHA/ACOT7/TECR/MECR/ACOT2/ECHS1/PPT1/HADHB/HSD17B12/ELOVL6/ACOT4/ACOT1","I"
"hsa005631","Metabolism","Glycan biosynthesis and metabolism","hsa00563","Glycosylphosphatidylinositol (GPI)-anchor biosynthesis","14/334","30/8626",1.0795018279298e-12,3.43532896011967e-11,2.46098127260035e-11,"55650/94005/5283/128869/2822/51604/5279/8818/27315/65258/5277/54872/8733/284098",14,12.0522954091816,"PIGV/PIGS/PIGH/PIGU/GPLD1/PIGT/PIGC/DPM2/PGAP2/MPPE1/PIGA/PIGG/GPAA1/PIGW","I"
"hsa049751","Organismal Systems","Digestive system","hsa04975","Fat digestion and absorption","16/334","42/8626",1.19282255559711e-12,3.43532896011967e-11,2.46098127260035e-11,"84649/949/38/338/335/39/2806/64240/84647/4547/64241/2168/19/10999/10555/10554",16,9.83860849729113,"DGAT2/SCARB1/ACAT1/APOB/APOA1/ACAT2/GOT2/ABCG5/PLA2G12B/MTTP/ABCG8/FABP1/ABCA1/SLC27A4/AGPAT2/AGPAT1","I"
"hsa010401","Metabolism","Lipid metabolism","hsa01040","Biosynthesis of unsaturated fatty acids","13/334","27/8626",4.29202309925022e-12,1.12372968416733e-10,8.05011031055543e-11,"60481/64834/8310/11332/9524/6342/10965/570/51144/3992/79071/122970/641371",13,12.4349079618541,"ELOVL5/ELOVL1/ACOX3/ACOT7/TECR/SCP2/ACOT2/BAAT/HSD17B12/FADS1/ELOVL6/ACOT4/ACOT1","I"
"hsa049201","Organismal Systems","Endocrine system","hsa04920","Adipocytokine signaling pathway","18/334","70/8626",8.99539492081243e-11,2.01475818138485e-09,1.44332091941313e-09,"79602/5601/5106/4792/208/4790/10891/5564/6513/5105/207/2180/51094/5563/5781/9021/8660/51703",18,6.64106073567151,"ADIPOR2/MAPK9/PCK2/NFKBIA/AKT2/NFKB1/PPARGC1A/PRKAB1/SLC2A1/PCK1/AKT1/ACSL1/ADIPOR1/PRKAA2/PTPN11/SOCS3/IRS2/ACSL5","I"
"hsa04976","Organismal Systems","Digestive system","hsa04976","Bile secretion","20/334","88/8626",9.09439456875107e-11,2.01475818138485e-09,1.44332091941313e-09,"5244/9971/1244/949/8647/10998/6554/343/366/6513/3949/570/10864/64240/2052/64241/57552/476/1581/6580",20,5.86962438758846,"ABCB4/NR1H4/ABCC2/SCARB1/ABCB11/SLC27A5/SLC10A1/AQP8/AQP9/SLC2A1/LDLR/BAAT/SLC22A7/ABCG5/EPHX1/ABCG8/NCEH1/ATP1A1/CYP7A1/SLC22A1","I"
"hsa049361","Human Diseases","Endocrine and metabolic disease","hsa04936","Alcoholic liver disease","25/334","142/8626",1.45503541384761e-10,2.99321570848651e-09,2.14426271514384e-09,"79602/5601/6720/37/8310/4792/9663/208/4790/10891/5564/3929/1571/64900/23175/207/6934/51094/5563/2168/2194/3654/131/127/31",25,4.5468921312305,"ADIPOR2/MAPK9/SREBF1/ACADVL/ACOX3/NFKBIA/LPIN2/AKT2/NFKB1/PPARGC1A/PRKAB1/LBP/CYP2E1/LPIN3/LPIN1/AKT1/TCF7L2/ADIPOR1/PRKAA2/FABP1/FASN/IRAK1/ADH7/ADH4/ACACA","I"
"hsa005621","Metabolism","Carbohydrate metabolism","hsa00562","Inositol phosphate metabolism","18/334","73/8626",1.91771476116764e-10,3.68201234144187e-09,2.63769889957093e-09,"55300/5291/8776/8871/80271/8897/10423/200576/51763/3612/51196/3613/3707/56623/3628/79837/3633/5297",18,6.36814043146584,"PI4K2B/PIK3CB/MTMR1/SYNJ2/ITPKC/MTMR3/CDIPT/PIKFYVE/INPP5K/IMPA1/PLCE1/IMPA2/ITPKB/INPP5E/INPP1/PIP4K2C/INPP5B/PI4KA","I"
"hsa040701","Environmental Information Processing","Signal transduction","hsa04070","Phosphatidylinositol signaling system","20/334","98/8626",7.1037269265832e-10,1.27867084678498e-08,9.16006893164676e-09,"55300/5291/8776/8527/8871/80271/8897/10423/5296/200576/3612/51196/3613/3707/1609/56623/3628/79837/3633/5297",20,5.27068312354882,"PI4K2B/PIK3CB/MTMR1/DGKD/SYNJ2/ITPKC/MTMR3/CDIPT/PIK3R2/PIKFYVE/IMPA1/PLCE1/IMPA2/ITPKB/DGKQ/INPP5E/INPP1/PIP4K2C/INPP5B/PI4KA","I"
"hsa001201","Metabolism","Lipid metabolism","hsa00120","Primary bile acid biosynthesis","9/334","17/8626",3.25045220173822e-09,5.50664843588593e-08,3.94482124792998e-08,"10998/80270/6342/6718/1593/570/1581/1582/23600",9,13.6727721028531,"SLC27A5/HSD3B7/SCP2/AKR1D1/CYP27A1/BAAT/CYP7A1/CYP8B1/AMACR","I"
"hsa041521","Environmental Information Processing","Signal transduction","hsa04152","AMPK signaling pathway","21/334","122/8626",6.88754919307208e-09,1.10200787089153e-07,7.89450082948612e-08,"79602/5291/5525/6720/5106/3172/208/5296/6198/10891/5564/1385/5105/5468/57521/207/51094/5563/2194/8660/31",21,4.44551879846864,"ADIPOR2/PIK3CB/PPP2R5A/SREBF1/PCK2/HNF4A/AKT2/PIK3R2/RPS6KB1/PPARGC1A/PRKAB1/CREB1/PCK1/PPARG/RPTOR/AKT1/ADIPOR1/PRKAA2/FASN/IRS2/ACACA","I"
"hsa002801","Metabolism","Amino acid metabolism","hsa00280","Valine, leucine and isoleucine degradation","13/334","48/8626",1.97346553597472e-08,2.99135828610905e-07,2.14293210554596e-07,"3028/38/65985/5019/3030/1738/1962/39/35/1892/3712/3032/549",13,6.99463572854291,"HSD17B10/ACAT1/AACS/OXCT1/HADHA/DLD/EHHADH/ACAT2/ACADS/ECHS1/IVD/HADHB/AUH","I"
"hsa042111","Organismal Systems","Aging","hsa04211","Longevity regulating pathway","17/334","89/8626",3.93825632476821e-08,5.67108910766622e-07,4.06262231397141e-07,"79602/5291/208/5296/6198/4790/10891/5564/1385/847/83667/5468/57521/207/51094/5563/8660",17,4.93312251900693,"ADIPOR2/PIK3CB/AKT2/PIK3R2/RPS6KB1/NFKB1/PPARGC1A/PRKAB1/CREB1/CAT/SESN2/PPARG/RPTOR/AKT1/ADIPOR1/PRKAA2/IRS2","I"
"hsa005611","Metabolism","Lipid metabolism","hsa00561","Glycerolipid metabolism","14/334","64/8626",1.07265986680878e-07,1.47107638876632e-06,1.05384127265424e-06,"84649/11343/8527/9663/9388/2717/64900/23175/1609/10555/253558/4023/10554/7920",14,5.64951347305389,"DGAT2/MGLL/DGKD/LPIN2/LIPG/GLA/LPIN3/LPIN1/DGKQ/AGPAT2/LCLAT1/LPL/AGPAT1/ABHD16A","I"
"hsa049321","Human Diseases","Endocrine and metabolic disease","hsa04932","Non-alcoholic fatty liver disease","21/334","153/8626",3.93403105237074e-07,5.15000428673988e-06,3.68933055629026e-06,"4706/79602/51085/10062/5601/5291/6720/208/5296/6945/4790/5564/3552/1571/5468/207/4726/51094/5563/9021/8660",21,3.54479276740636,"NDUFAB1/ADIPOR2/MLXIPL/NR1H3/MAPK9/PIK3CB/SREBF1/AKT2/PIK3R2/MLX/NFKB1/PRKAB1/IL1A/CYP2E1/PPARG/AKT1/NDUFS6/ADIPOR1/PRKAA2/SOCS3/IRS2","I"
"hsa006001","Metabolism","Lipid metabolism","hsa00600","Sphingolipid metabolism","12/334","54/8626",7.38147642957277e-07,9.24289222485634e-06,6.6213701610813e-06,"3074/56848/2717/55512/81537/9514/6610/55627/7357/5660/4758/3073",12,5.73918829008649,"HEXB/SPHK2/GLA/SMPD3/SGPP1/GAL3ST1/SMPD2/SMPD4/UGCG/PSAP/NEU1/HEXA","I"
"hsa042131","Organismal Systems","Aging","hsa04213","Longevity regulating pathway - multiple species","12/334","61/8626",2.93621532767683e-06,3.5234583932122e-05,2.52411493080991e-05,"5291/208/5296/6198/5564/847/3170/57521/6647/207/5563/8660",12,5.08059291253558,"PIK3CB/AKT2/PIK3R2/RPS6KB1/PRKAB1/CAT/FOXA2/RPTOR/SOD1/AKT1/PRKAA2/IRS2","I"
"hsa006501","Metabolism","Carbohydrate metabolism","hsa00650","Butanoate metabolism","8/334","27/8626",5.41072442688534e-06,6.23315453977192e-05,4.46527152702959e-05,"38/65985/5019/3030/1962/39/35/1892",8,7.65225105344866,"ACAT1/AACS/OXCT1/HADHA/EHHADH/ACAT2/ACADS/ECHS1","I"
"hsa049101","Organismal Systems","Endocrine system","hsa04910","Insulin signaling pathway","18/334","138/8626",5.65337395633325e-06,6.26219884393837e-05,4.48607811919562e-05,"5601/5291/6720/5106/208/5296/6198/10891/5564/8835/5105/57521/207/5563/2194/9021/8660/31",18,3.36865399635512,"MAPK9/PIK3CB/SREBF1/PCK2/AKT2/PIK3R2/RPS6KB1/PPARGC1A/PRKAB1/SOCS2/PCK1/RPTOR/AKT1/PRKAA2/FASN/SOCS3/IRS2/ACACA","I"
"hsa020101","Environmental Information Processing","Membrane transport","hsa02010","ABC transporters","10/334","45/8626",6.30301778033476e-06,6.72321896569041e-05,4.81634107191272e-05,"5244/1244/8647/215/5826/89845/64240/64241/19/21",10,5.73918829008649,"ABCB4/ABCC2/ABCB11/ABCD1/ABCD4/ABCC10/ABCG5/ABCG8/ABCA1/ABCA3","I"
"hsa00140","Metabolism","Lipid metabolism","hsa00140","Steroid hormone biosynthesis","11/334","60/8626",1.55399804669042e-05,0.000159839799088158,0.00011450511922982,"8630/1312/3290/6718/79644/1571/1544/51144/1581/51170/6716",11,4.73483033932136,"HSD17B6/COMT/HSD11B1/AKR1D1/SRD5A3/CYP2E1/CYP1A2/HSD17B12/CYP7A1/HSD17B11/SRD5A2","I"
"hsa006401","Metabolism","Carbohydrate metabolism","hsa00640","Propanoate metabolism","8/334","32/8626",2.16337144258676e-05,0.000214845163953443,0.00015390954727659,"3030/8310/1738/55862/1962/35/1892/31",8,6.45658682634731,"HADHA/ACOX3/DLD/ECHDC1/EHHADH/ACADS/ECHS1/ACACA","I"
"hsa000611","Metabolism","Lipid metabolism","hsa00061","Fatty acid biosynthesis","6/334","18/8626",4.02925388872617e-05,0.000386808373317712,0.000277099565680817,"27349/51102/2180/2194/51703/31",6,8.60878243512974,"MCAT/MECR/ACSL1/FASN/ACSL5/ACACA","I"
"hsa00620","Metabolism","Carbohydrate metabolism","hsa00620","Pyruvate metabolism","9/334","47/8626",6.50807175587148e-05,0.000604620859900318,0.000433134826536777,"38/1738/5106/39/5105/134526/131/127/31",9,4.94547076060645,"ACAT1/DLD/PCK2/ACAT2/PCK1/ACOT12/ADH7/ADH4/ACACA","I"
"hsa00590","Metabolism","Lipid metabolism","hsa00590","Arachidonic acid metabolism","10/334","61/8626",0.000102679349415073,0.000924114144735653,0.000662011594912968,"5742/22949/10728/1571/84647/145482/80142/3248/2879/8398",10,4.23382742711299,"PTGS1/PTGR1/PTGES3/CYP2E1/PLA2G12B/PTGR2/PTGES2/HPGD/GPX4/PLA2G6","I"
"hsa041481","Cellular Processes","Transport and catabolism","hsa04148","Efferocytosis","17/334","157/8626",0.000115566906746775,0.0010085839134264,0.000722523563711892,"10062/23200/56848/23659/3988/5467/55754/6513/1385/7376/5468/7057/55113/19/5781/161291/8398",17,2.79648346618864,"NR1H3/ATP11B/SPHK2/PLA2G15/LIPA/PPARD/TMEM30A/SLC2A1/CREB1/NR1H2/PPARG/THBS1/XKR8/ABCA1/PTPN11/TMEM30B/PLA2G6","I"
"hsa00380","Metabolism","Amino acid metabolism","hsa00380","Tryptophan metabolism","8/334","42/8626",0.000173072698345989,0.00146602756246014,0.00105022442339981,"38/3030/1738/1962/39/847/1892/1544",8,4.91930424864557,"ACAT1/HADHA/DLD/EHHADH/ACAT2/CAT/ECHS1/CYP1A2","I"
"hsa047101","Organismal Systems","Environmental adaptation","hsa04710","Circadian rhythm","7/334","34/8626",0.000266981853377525,0.00219687925064935,0.00157378776727804,"1407/6095/5564/1385/9572/8864/5563",7,5.31718915110955,"CRY1/RORA/PRKAB1/CREB1/NR1D1/PER2/PRKAA2","I"
"hsa049171","Organismal Systems","Endocrine system","hsa04917","Prolactin signaling pathway","10/334","71/8626",0.000373032496866724,0.00298425997493379,0.00213784705806661,"5601/5291/208/5296/4790/1154/8835/207/9021/30837",10,3.6375137049844,"MAPK9/PIK3CB/AKT2/PIK3R2/NFKB1/CISH/SOCS2/AKT1/SOCS3/SOCS7","I"
"hsa052311","Human Diseases","Cancer: overview","hsa05231","Choline metabolism in cancer","12/334","99/8626",0.000415788632170253,0.00323640881256846,0.00231847999730781,"5601/5291/8527/208/5296/6198/6582/207/1609/5130/6580/5154",12,3.13046634004718,"MAPK9/PIK3CB/DGKD/AKT2/PIK3R2/RPS6KB1/SLC22A2/AKT1/DGKQ/PCYT1A/SLC22A1/PDGFA","I"
"hsa04142","Cellular Processes","Transport and catabolism","hsa04142","Lysosome","14/334","132/8626",0.000566853588385547,0.00429615351197467,0.00307765383167776,"3074/2717/23659/3988/4669/10577/5538/950/4864/1201/5660/4668/4758/3073",14,2.73915804754128,"HEXB/GLA/PLA2G15/LIPA/NAGLU/NPC2/PPT1/SCARB2/NPC1/CLN3/PSAP/NAGA/NEU1/HEXA","I"
"hsa041401","Cellular Processes","Transport and catabolism","hsa04140","Autophagy - animal","16/334","169/8626",0.000830711157831648,0.00613448239629525,0.00439458534237525,"5601/5291/8897/208/5296/6198/8678/57521/207/5563/5580/53349/64223/8660/7405/79065",16,2.44509796974099,"MAPK9/PIK3CB/MTMR3/AKT2/PIK3R2/RPS6KB1/BECN1/RPTOR/AKT1/PRKAA2/PRKCD/ZFYVE1/MLST8/IRS2/UVRAG/ATG9A","I"
"hsa00630","Metabolism","Carbohydrate metabolism","hsa00630","Glyoxylate and dicarboxylate metabolism","6/334","30/8626",0.000869649709452857,0.00626147790806057,0.00448556165928316,"38/1738/54363/39/847/283871",6,5.16526946107784,"ACAT1/DLD/HAO1/ACAT2/CAT/PGP","I"
"hsa052211","Human Diseases","Cancer: specific types","hsa05221","Acute myeloid leukemia","9/334","68/8626",0.00115199597613765,0.0080920692957962,0.00579695022652067,"5291/208/5296/6198/4790/5467/8864/207/6934",9,3.41819302571328,"PIK3CB/AKT2/PIK3R2/RPS6KB1/NFKB1/PPARD/PER2/AKT1/TCF7L2","I"
"hsa01200","Metabolism","Global and overview maps","hsa01200","Carbon metabolism","12/334","115/8626",0.0015955580563317,0.0106976322215578,0.0076635084628119,"1373/38/8310/1738/54363/39/847/35/2806/1892/3417/283871",12,2.69492319708409,"CPS1/ACAT1/ACOX3/DLD/HAO1/ACAT2/CAT/ACADS/GOT2/ECHS1/IDH1/PGP","I"
"hsa00900","Metabolism","Metabolism of terpenoids and polyketides","hsa00900","Terpenoid backbone biosynthesis","5/334","23/8626",0.0015972159219687,0.0106976322215578,0.0076635084628119,"38/10269/39/116150/2224",5,5.61442332725853,"ACAT1/ZMPSTE24/ACAT2/NUS1/FDPS","I"
"hsa040721","Environmental Information Processing","Signal transduction","hsa04072","Phospholipase D signaling pathway","14/334","148/8626",0.00174519189201275,0.0112124802250262,0.00803233232494567,"5291/56848/8527/208/5296/183/207/375/1609/10555/5781/2147/5154/10554",14,2.44303285321249,"PIK3CB/SPHK2/DGKD/AKT2/PIK3R2/AGT/AKT1/ARF1/DGKQ/AGPAT2/PTPN11/F2/PDGFA/AGPAT1","I"
"hsa049331","Human Diseases","Endocrine and metabolic disease","hsa04933","AGE-RAGE signaling pathway in diabetic complications","11/334","101/8626",0.00175195003516034,0.0112124802250262,0.00803233232494567,"5601/5291/208/5296/4790/3552/1958/183/51196/207/5580",11,2.81277049860675,"MAPK9/PIK3CB/AKT2/PIK3R2/NFKB1/IL1A/EGR1/AGT/PLCE1/AKT1/PRKCD","I"
"hsa049301","Human Diseases","Endocrine and metabolic disease","hsa04930","Type II diabetes mellitus","7/334","47/8626",0.00202736594987413,0.012693073773125,0.00909299144565972,"5601/5291/5296/8835/5580/9021/8660",7,3.84647725824946,"MAPK9/PIK3CB/PIK3R2/SOCS2/PRKCD/SOCS3/IRS2","I"
"hsa00603","Metabolism","Glycan biosynthesis and metabolism","hsa00603","Glycosphingolipid biosynthesis - globo and isoglobo series","4/334","16/8626",0.00277560723300427,0.0166833155847984,0.0119514980066538,"3074/2717/4668/3073",4,6.45658682634731,"HEXB/GLA/NAGA/HEXA","I"
"hsa049221","Organismal Systems","Endocrine system","hsa04922","Glucagon signaling pathway","11/334","107/8626",0.0027805525974664,0.0166833155847984,0.0119514980066538,"5106/208/10891/5564/6513/1385/5105/150094/207/5563/31",11,2.65504505008674,"PCK2/AKT2/PPARGC1A/PRKAB1/SLC2A1/CREB1/PCK1/SIK1/AKT1/PRKAA2/ACACA","I"
"hsa05215","Human Diseases","Cancer: specific types","hsa05215","Prostate cancer","10/334","98/8626",0.00450506133130399,0.0264787278248071,0.018968679289701,"5291/4792/208/5296/4790/1385/207/6934/5154/6716",10,2.63534156177441,"PIK3CB/NFKBIA/AKT2/PIK3R2/NFKB1/CREB1/AKT1/TCF7L2/PDGFA/SRD5A2","I"
"hsa00020","Metabolism","Carbohydrate metabolism","hsa00020","Citrate cycle (TCA cycle)","5/334","30/8626",0.00541848878637906,0.0312104954095434,0.022358395834322,"1738/5106/5105/47/3417",5,4.30439121756487,"DLD/PCK2/PCK1/ACLY/IDH1","I"
"hsa05230","Human Diseases","Cancer: overview","hsa05230","Central carbon metabolism in cancer","8/334","71/8626",0.0058995590509518,0.0333151569936102,0.0238661212381126,"5291/208/5296/6513/3417/23410/207/5163",8,2.91001096398752,"PIK3CB/AKT2/PIK3R2/SLC2A1/IDH1/SIRT3/AKT1/PDK1","I"
"hsa00410","Metabolism","Metabolism of other amino acids","hsa00410","beta-Alanine metabolism","5/334","31/8626",0.00625978466301554,0.034669576595163,0.0248363925901022,"3030/8310/1962/35/1892",5,4.165539887966,"HADHA/ACOX3/EHHADH/ACADS/ECHS1","I"
"hsa00100","Metabolism","Lipid metabolism","hsa00100","Steroid biosynthesis","4/334","20/8626",0.00653892275856403,0.0355322595182347,0.0254543964385015,"6713/3988/8435/1717",4,5.16526946107784,"SQLE/LIPA/SOAT2/DHCR7","I"
"hsa049231","Organismal Systems","Endocrine system","hsa04923","Regulation of lipolysis in adipocytes","7/334","59/8626",0.00740693442149696,0.0395036502479838,0.0282993985694621,"5291/11343/5742/208/5296/207/8660",7,3.0641429006394,"PIK3CB/MGLL/PTGS1/AKT2/PIK3R2/AKT1/IRS2","I"
"hsa05208","Human Diseases","Cancer: overview","hsa05208","Chemical carcinogenesis - reactive oxygen species","16/334","211/8626",0.00776432680069606,0.0406568385200084,0.0291255129748599,"4706/5601/5291/4792/208/5296/4790/847/1571/1544/6647/207/2052/4726/5580/5781",16,1.95839600420013,"NDUFAB1/MAPK9/PIK3CB/NFKBIA/AKT2/PIK3R2/NFKB1/CAT/CYP2E1/CYP1A2/SOD1/AKT1/EPHX1/NDUFS6/PRKCD/PTPN11","I"
"hsa04620","Organismal Systems","Immune system","hsa04620","Toll-like receptor signaling pathway","10/334","107/8626",0.00833178361114277,0.0428491728573057,0.0306960448831576,"5601/5291/4792/208/5296/4790/6696/3929/207/3654",10,2.41367731826067,"MAPK9/PIK3CB/NFKBIA/AKT2/PIK3R2/NFKB1/SPP1/LBP/AKT1/IRAK1","I"
